# key	status	merge_base	upstream	rewired
mods/eln/Achievements	NOCRIB	src/main/java/mods/eln/Achievements.java	src/main/kotlin/mods/eln/Achievements.kt	-
mods/eln/CommonProxy	VERBATIM	src/main/java/mods/eln/CommonProxy.java	src/main/java/mods/eln/CommonProxy.java	src/main/java/mods/eln/CommonProxy.java
mods/eln/Eln	REPLAY	src/main/java/mods/eln/Eln.java	src/main/java/mods/eln/Eln.java	src/main/java/mods/eln/Eln.kt
mods/eln/GuiHandler	REPLAY	src/main/java/mods/eln/GuiHandler.java	src/main/java/mods/eln/GuiHandler.java	src/main/java/mods/eln/GuiHandler.java
mods/eln/Other	REPLAY	src/main/java/mods/eln/Other.java	src/main/java/mods/eln/Other.java	src/main/java/mods/eln/Other.java
mods/eln/PacketHandler	REPLAY	src/main/java/mods/eln/PacketHandler.java	src/main/kotlin/mods/eln/PacketHandler.kt	src/main/java/mods/eln/PacketHandler.java
mods/eln/ServerKeyHandler	FRESH	-	src/main/kotlin/mods/eln/ServerKeyHandler.kt	-
mods/eln/api/v1/electrical/ElectricalIntegration	FRESH	-	src/main/kotlin/mods/eln/api/v1/electrical/ElectricalIntegration.kt	-
mods/eln/block/ArcClayBlock	FRESH	-	src/main/kotlin/mods/eln/block/ArcClayBlock.kt	-
mods/eln/cable/CableItemSlot	FRESH	-	src/main/kotlin/mods/eln/cable/CableItemSlot.kt	-
mods/eln/cable/CableRender	REPLAY	src/main/java/mods/eln/cable/CableRender.java	src/main/kotlin/mods/eln/cable/CableRender.kt	src/main/java/mods/eln/cable/CableRender.java
mods/eln/cable/CableRenderDescriptor	NOCRIB	src/main/java/mods/eln/cable/CableRenderDescriptor.java	src/main/kotlin/mods/eln/cable/CableRenderDescriptor.kt	src/main/java/mods/eln/cable/CableRenderDescriptor.java
mods/eln/cable/CableRenderType	NOCRIB	src/main/java/mods/eln/cable/CableRenderType.java	src/main/kotlin/mods/eln/cable/CableRenderType.kt	src/main/java/mods/eln/cable/CableRenderType.java
mods/eln/client/ClientKeyHandler	REPLAY	src/main/java/mods/eln/client/ClientKeyHandler.java	src/main/kotlin/mods/eln/client/ClientKeyHandler.kt	src/main/java/mods/eln/client/ClientKeyHandler.java
mods/eln/client/ClientPacketHandler	NOCRIB	src/main/java/mods/eln/client/ClientPacketHandler.java	src/main/java/mods/eln/client/ClientPacketHandler.java	-
mods/eln/client/ClientProxy	REPLAY	src/main/java/mods/eln/client/ClientProxy.java	src/main/java/mods/eln/client/ClientProxy.java	src/main/java/mods/eln/client/ClientProxy.java
mods/eln/client/ConnectionListener	REPLAY	src/main/java/mods/eln/client/ConnectionListener.java	src/main/java/mods/eln/client/ConnectionListener.java	src/main/java/mods/eln/client/ConnectionListener.java
mods/eln/client/FrameTime	REPLAY	src/main/java/mods/eln/client/FrameTime.java	src/main/java/mods/eln/client/FrameTime.java	src/main/java/mods/eln/client/FrameTime.java
mods/eln/client/IUuidEntity	ASIS	src/main/java/mods/eln/client/IUuidEntity.java	src/main/java/mods/eln/client/IUuidEntity.java	src/main/java/mods/eln/client/IUuidEntity.java
mods/eln/client/SoundLoader	ASIS	src/main/java/mods/eln/client/SoundLoader.java	src/main/java/mods/eln/client/SoundLoader.java	src/main/java/mods/eln/client/SoundLoader.java
mods/eln/client/UuidManager	REPLAY	src/main/java/mods/eln/client/UuidManager.kt	src/main/kotlin/mods/eln/client/UuidManager.kt	src/main/java/mods/eln/client/UuidManager.kt
mods/eln/client/VersionCheckerHandler	REPLAY	src/main/java/mods/eln/client/VersionCheckerHandler.java	src/main/java/mods/eln/client/VersionCheckerHandler.java	src/main/java/mods/eln/client/VersionCheckerHandler.java
mods/eln/client/itemrender/LegacyItemRender	FRESH	-	src/main/kotlin/mods/eln/client/itemrender/LegacyItemRender.kt	-
mods/eln/config/JsonConfig	FRESH	-	src/main/kotlin/mods/eln/config/JsonConfig.kt	-
mods/eln/config/OreScannerConfig	FRESH	-	src/main/kotlin/mods/eln/config/OreScannerConfig.kt	-
mods/eln/craft/CraftingRecipes	FRESH	-	src/main/kotlin/mods/eln/craft/CraftingRecipes.kt	-
mods/eln/entity/ConfigurableAiWander	REPLAY	src/main/java/mods/eln/entity/ConfigurableAiWander.java	src/main/kotlin/mods/eln/entity/ConfigurableAiWander.kt	src/main/java/mods/eln/entity/ConfigurableAiWander.java
mods/eln/entity/ReplicatorCableAI	REPLAY	src/main/java/mods/eln/entity/ReplicatoCableAI.java	src/main/kotlin/mods/eln/entity/ReplicatorCableAI.kt	src/main/java/mods/eln/entity/ReplicatorCableAI.java
mods/eln/entity/ReplicatorEntity	REPLAY	src/main/java/mods/eln/entity/ReplicatorEntity.java	src/main/kotlin/mods/eln/entity/ReplicatorEntity.kt	src/main/java/mods/eln/entity/ReplicatorEntity.java
mods/eln/entity/ReplicatorHungryAttack	REPLAY	src/main/java/mods/eln/entity/ReplicatorHungryAttack.java	src/main/kotlin/mods/eln/entity/ReplicatorHungryAttack.kt	src/main/java/mods/eln/entity/ReplicatorHungryAttack.java
mods/eln/entity/ReplicatorModel	NOCRIB	src/main/java/mods/eln/entity/ReplicatorModel.java	src/main/kotlin/mods/eln/entity/ReplicatorModel.kt	src/main/java/mods/eln/entity/ReplicatorModel.java
mods/eln/entity/ReplicatorPopProcess	REPLAY	src/main/java/mods/eln/entity/ReplicatorPopProcess.java	src/main/kotlin/mods/eln/entity/ReplicatorPopProcess.kt	src/main/java/mods/eln/entity/ReplicatorPopProcess.java
mods/eln/entity/ReplicatorRender	REPLAY	src/main/java/mods/eln/entity/ReplicatorRender.java	src/main/kotlin/mods/eln/entity/ReplicatorRender.kt	src/main/java/mods/eln/entity/ReplicatorRender.java
mods/eln/environment/BiomeClimateService	FRESH	-	src/main/kotlin/mods/eln/environment/BiomeClimateService.kt	-
mods/eln/environment/ClimateState	FRESH	-	src/main/kotlin/mods/eln/environment/ClimateState.kt	-
mods/eln/environment/RoomThermalManager	FRESH	-	src/main/kotlin/mods/eln/environment/RoomThermalManager.kt	-
mods/eln/eventhandlers/ElnFMLEventsHandler	NOCRIB	src/main/java/mods/eln/eventhandlers/ElnFMLEventsHandler.java	src/main/kotlin/mods/eln/eventhandlers/ElnFMLEventsHandler.kt	-
mods/eln/eventhandlers/ElnForgeEventsHandler	NOCRIB	src/main/java/mods/eln/eventhandlers/ElnForgeEventsHandler.java	src/main/kotlin/mods/eln/eventhandlers/ElnForgeEventsHandler.kt	-
mods/eln/eventhandlers/RoomThermalBlockEventsHandler	FRESH	-	src/main/kotlin/mods/eln/eventhandlers/RoomThermalBlockEventsHandler.kt	-
mods/eln/falstad/FalstadImporter	FRESH	-	src/main/kotlin/mods/eln/falstad/FalstadImporter.kt	-
mods/eln/falstad/FalstadNetlist	FRESH	-	src/main/kotlin/mods/eln/falstad/FalstadNetlist.kt	-
mods/eln/fluid/BlockElnFluid	FRESH	-	src/main/kotlin/mods/eln/fluid/BlockElnFluid.kt	-
mods/eln/fluid/BucketHandler	FRESH	-	src/main/kotlin/mods/eln/fluid/BucketHandler.kt	-
mods/eln/fluid/ElementFluidHandler	REPLAY	src/main/java/mods/eln/fluid/ElementFluidHandler.java	src/main/java/mods/eln/fluid/ElementFluidHandler.java	src/main/java/mods/eln/fluid/ElementFluidHandler.java
mods/eln/fluid/ElementSidedFluidHandler	FRESH	-	src/main/kotlin/mods/eln/fluid/ElementSidedFluidHandler.kt	-
mods/eln/fluid/ElnFluidRegistry	FRESH	-	src/main/kotlin/mods/eln/fluid/ElnFluidRegistry.kt	-
mods/eln/fluid/FluidRegistration	FRESH	-	src/main/kotlin/mods/eln/fluid/FluidRegistration.kt	-
mods/eln/fluid/FuelRegistry	REPLAY	src/main/java/mods/eln/fluid/FuelRegistry.kt	src/main/kotlin/mods/eln/fluid/FuelRegistry.kt	src/main/java/mods/eln/fluid/FuelRegistry.kt
mods/eln/fluid/PreciseElementFluidHandler	REPLAY	src/main/java/mods/eln/fluid/PreciseElementFluidHandler.kt	src/main/kotlin/mods/eln/fluid/PreciseElementFluidHandler.kt	src/main/java/mods/eln/fluid/PreciseElementFluidHandler.kt
mods/eln/fluid/PreciseElementSidedFluidHandler	FRESH	-	src/main/kotlin/mods/eln/fluid/PreciseElementSidedFluidHandler.kt	-
mods/eln/fluid/TankData	FRESH	-	src/main/kotlin/mods/eln/fluid/TankData.kt	-
mods/eln/fluid/ThermalRegistry	FRESH	-	src/main/kotlin/mods/eln/fluid/ThermalRegistry.kt	-
mods/eln/generic/CreativeTabPopulator	FRESH	-	src/main/java/mods/eln/generic/CreativeTabPopulator.java	-
mods/eln/generic/GenericCreativeTab	REPLAY	src/main/java/mods/eln/generic/GenericCreativeTab.java	src/main/java/mods/eln/generic/GenericCreativeTab.java	src/main/java/mods/eln/generic/GenericCreativeTab.java
mods/eln/generic/GenericItemBlock	REPLAY	src/main/java/mods/eln/generic/GenericItemBlock.java	src/main/java/mods/eln/generic/GenericItemBlock.java	src/main/java/mods/eln/generic/GenericItemBlock.java
mods/eln/generic/GenericItemBlockUsingDamage	REPLAY	src/main/java/mods/eln/generic/GenericItemBlockUsingDamage.java	src/main/java/mods/eln/generic/GenericItemBlockUsingDamage.java	src/main/java/mods/eln/generic/GenericItemBlockUsingDamage.java
mods/eln/generic/GenericItemBlockUsingDamageDescriptor	REPLAY	src/main/java/mods/eln/generic/GenericItemBlockUsingDamageDescriptor.java	src/main/java/mods/eln/generic/GenericItemBlockUsingDamageDescriptor.java	src/main/java/mods/eln/generic/GenericItemBlockUsingDamageDescriptor.java
mods/eln/generic/GenericItemUsingDamage	REPLAY	src/main/java/mods/eln/generic/GenericItemUsingDamage.java	src/main/java/mods/eln/generic/GenericItemUsingDamage.java	src/main/java/mods/eln/generic/GenericItemUsingDamage.java
mods/eln/generic/GenericItemUsingDamageDescriptor	REPLAY	src/main/java/mods/eln/generic/GenericItemUsingDamageDescriptor.java	src/main/kotlin/mods/eln/generic/GenericItemUsingDamageDescriptor.kt	src/main/java/mods/eln/generic/GenericItemUsingDamageDescriptor.java
mods/eln/generic/GenericItemUsingDamageDescriptorWithComment	NOCRIB	src/main/java/mods/eln/generic/GenericItemUsingDamageDescriptorWithComment.java	src/main/java/mods/eln/generic/GenericItemUsingDamageDescriptorWithComment.java	src/main/java/mods/eln/generic/GenericItemUsingDamageDescriptorWithComment.java
mods/eln/generic/GenericItemUsingDamageSlot	ASIS	src/main/java/mods/eln/generic/GenericItemUsingDamageSlot.java	src/main/java/mods/eln/generic/GenericItemUsingDamageSlot.java	src/main/java/mods/eln/generic/GenericItemUsingDamageSlot.java
mods/eln/generic/IGenericItemUsingDamage	ASIS	src/main/java/mods/eln/generic/IGenericItemUsingDamage.java	src/main/java/mods/eln/generic/IGenericItemUsingDamage.java	src/main/java/mods/eln/generic/IGenericItemUsingDamage.java
mods/eln/generic/SharedItem	REPLAY	src/main/java/mods/eln/generic/SharedItem.java	src/main/java/mods/eln/generic/SharedItem.java	src/main/java/mods/eln/generic/SharedItem.java
mods/eln/generic/genericArmorItem	VERBATIM	src/main/java/mods/eln/generic/genericArmorItem.java	src/main/java/mods/eln/generic/genericArmorItem.java	src/main/java/mods/eln/generic/genericArmorItem.java
mods/eln/ghost/GhostBlock	REPLAY	src/main/java/mods/eln/ghost/GhostBlock.java	src/main/kotlin/mods/eln/ghost/GhostBlock.kt	src/main/java/mods/eln/ghost/GhostBlock.java
mods/eln/ghost/GhostElement	REPLAY	src/main/java/mods/eln/ghost/GhostElement.java	src/main/kotlin/mods/eln/ghost/GhostElement.kt	src/main/java/mods/eln/ghost/GhostElement.java
mods/eln/ghost/GhostGroup	REPLAY	src/main/java/mods/eln/ghost/GhostGroup.java	src/main/kotlin/mods/eln/ghost/GhostGroup.kt	src/main/java/mods/eln/ghost/GhostGroup.java
mods/eln/ghost/GhostManager	REPLAY	src/main/java/mods/eln/ghost/GhostManager.java	src/main/kotlin/mods/eln/ghost/GhostManager.kt	src/main/java/mods/eln/ghost/GhostManager.java
mods/eln/ghost/GhostManagerNbt	REPLAY	src/main/java/mods/eln/ghost/GhostManagerNbt.java	src/main/kotlin/mods/eln/ghost/GhostManagerNbt.kt	src/main/java/mods/eln/ghost/GhostManagerNbt.java
mods/eln/ghost/GhostObserver	REPLAY	src/main/java/mods/eln/ghost/GhostObserver.java	src/main/kotlin/mods/eln/ghost/GhostObserver.kt	src/main/java/mods/eln/ghost/GhostObserver.java
mods/eln/gridnode/GridDescriptor	REPLAY	src/main/java/mods/eln/gridnode/GridDescriptor.java	src/main/kotlin/mods/eln/gridnode/GridDescriptor.kt	src/main/java/mods/eln/gridnode/GridDescriptor.java
mods/eln/gridnode/GridElement	REPLAY	src/main/java/mods/eln/gridnode/GridElement.java	src/main/kotlin/mods/eln/gridnode/GridElement.kt	src/main/java/mods/eln/gridnode/GridElement.java
mods/eln/gridnode/GridLink	REPLAY	src/main/java/mods/eln/gridnode/GridLink.java	src/main/kotlin/mods/eln/gridnode/GridLink.kt	src/main/java/mods/eln/gridnode/GridLink.java
mods/eln/gridnode/GridRender	REPLAY	src/main/java/mods/eln/gridnode/GridRender.java	src/main/kotlin/mods/eln/gridnode/GridRender.kt	src/main/java/mods/eln/gridnode/GridRender.java
mods/eln/gridnode/GridSwitch	FRESH	-	src/main/kotlin/mods/eln/gridnode/GridSwitch.kt	-
mods/eln/gridnode/electricalpole/ElectricalPoleDescriptor	NOCRIB	src/main/java/mods/eln/gridnode/electricalpole/ElectricalPoleDescriptor.java	src/main/kotlin/mods/eln/gridnode/electricalpole/ElectricalPoleDescriptor.kt	src/main/java/mods/eln/gridnode/electricalpole/ElectricalPoleDescriptor.java
mods/eln/gridnode/electricalpole/ElectricalPoleElement	NOCRIB	src/main/java/mods/eln/gridnode/electricalpole/ElectricalPoleElement.java	src/main/kotlin/mods/eln/gridnode/electricalpole/ElectricalPoleElement.kt	src/main/java/mods/eln/gridnode/electricalpole/ElectricalPoleElement.java
mods/eln/gridnode/electricalpole/ElectricalPoleRender	REPLAY	src/main/java/mods/eln/gridnode/electricalpole/ElectricalPoleRender.java	src/main/kotlin/mods/eln/gridnode/electricalpole/ElectricalPoleRender.kt	src/main/java/mods/eln/gridnode/electricalpole/ElectricalPoleRender.java
mods/eln/gridnode/transformer/GridTransformerDescriptor	NOCRIB	src/main/java/mods/eln/gridnode/transformer/GridTransformerDescriptor.java	src/main/kotlin/mods/eln/gridnode/transformer/GridTransformerDescriptor.kt	src/main/java/mods/eln/gridnode/transformer/GridTransformerDescriptor.java
mods/eln/gridnode/transformer/GridTransformerElement	REPLAY	src/main/java/mods/eln/gridnode/transformer/GridTransformerElement.java	src/main/kotlin/mods/eln/gridnode/transformer/GridTransformerElement.kt	src/main/java/mods/eln/gridnode/transformer/GridTransformerElement.java
mods/eln/gridnode/transformer/GridTransformerRender	NOCRIB	src/main/java/mods/eln/gridnode/transformer/GridTransformerRender.java	src/main/kotlin/mods/eln/gridnode/transformer/GridTransformerRender.kt	src/main/java/mods/eln/gridnode/transformer/GridTransformerRender.java
mods/eln/gui/GuiButtonEln	REPLAY	src/main/java/mods/eln/gui/GuiButtonEln.java	src/main/java/mods/eln/gui/GuiButtonEln.java	src/main/java/mods/eln/gui/GuiButtonEln.java
mods/eln/gui/GuiCheckbox	ASIS	src/main/java/mods/eln/gui/GuiCheckbox.java	src/main/java/mods/eln/gui/GuiCheckbox.java	src/main/java/mods/eln/gui/GuiCheckbox.java
mods/eln/gui/GuiContainerEln	REPLAY	src/main/java/mods/eln/gui/GuiContainerEln.java	src/main/java/mods/eln/gui/GuiContainerEln.java	src/main/java/mods/eln/gui/GuiContainerEln.java
mods/eln/gui/GuiHelpText	ASIS	src/main/java/mods/eln/gui/GuiHelpText.java	src/main/java/mods/eln/gui/GuiHelpText.java	src/main/java/mods/eln/gui/GuiHelpText.java
mods/eln/gui/GuiHelper	REPLAY	src/main/java/mods/eln/gui/GuiHelper.java	src/main/java/mods/eln/gui/GuiHelper.java	src/main/java/mods/eln/gui/GuiHelper.java
mods/eln/gui/GuiHelperContainer	ASIS	src/main/java/mods/eln/gui/GuiHelperContainer.java	src/main/java/mods/eln/gui/GuiHelperContainer.java	src/main/java/mods/eln/gui/GuiHelperContainer.java
mods/eln/gui/GuiHorizontalTrackBar	FRESH	-	src/main/java/mods/eln/gui/GuiHorizontalTrackBar.java	-
mods/eln/gui/GuiLabel	ASIS	src/main/java/mods/eln/gui/GuiLabel.java	src/main/java/mods/eln/gui/GuiLabel.java	src/main/java/mods/eln/gui/GuiLabel.java
mods/eln/gui/GuiScreenEln	VERBATIM	src/main/java/mods/eln/gui/GuiScreenEln.java	src/main/java/mods/eln/gui/GuiScreenEln.java	src/main/java/mods/eln/gui/GuiScreenEln.java
mods/eln/gui/GuiTextFieldEln	REPLAY	src/main/java/mods/eln/gui/GuiTextFieldEln.java	src/main/java/mods/eln/gui/GuiTextFieldEln.java	src/main/java/mods/eln/gui/GuiTextFieldEln.java
mods/eln/gui/GuiVerticalCustomValuesBar	NOCRIB	src/main/java/mods/eln/gui/GuiVerticalCustomValuesBar.kt	src/main/kotlin/mods/eln/gui/GuiVerticalCustomValuesBar.kt	src/main/java/mods/eln/gui/GuiVerticalCustomValuesBar.kt
mods/eln/gui/GuiVerticalProgressBar	ASIS	src/main/java/mods/eln/gui/GuiVerticalProgressBar.java	src/main/java/mods/eln/gui/GuiVerticalProgressBar.java	src/main/java/mods/eln/gui/GuiVerticalProgressBar.java
mods/eln/gui/GuiVerticalTrackBar	ASIS	src/main/java/mods/eln/gui/GuiVerticalTrackBar.java	src/main/java/mods/eln/gui/GuiVerticalTrackBar.java	src/main/java/mods/eln/gui/GuiVerticalTrackBar.java
mods/eln/gui/GuiVerticalTrackBarHeat	ASIS	src/main/java/mods/eln/gui/GuiVerticalTrackBarHeat.java	src/main/java/mods/eln/gui/GuiVerticalTrackBarHeat.java	src/main/java/mods/eln/gui/GuiVerticalTrackBarHeat.java
mods/eln/gui/GuiVerticalVoltageSupplyBar	NOCRIB	src/main/java/mods/eln/gui/GuiVerticalVoltageSupplyBar.java	src/main/java/mods/eln/gui/GuiVerticalVoltageSupplyBar.java	src/main/java/mods/eln/gui/GuiVerticalVoltageSupplyBar.java
mods/eln/gui/GuiVerticalWorkingZoneBar	ASIS	src/main/java/mods/eln/gui/GuiVerticalWorkingZoneBar.java	src/main/java/mods/eln/gui/GuiVerticalWorkingZoneBar.java	src/main/java/mods/eln/gui/GuiVerticalWorkingZoneBar.java
mods/eln/gui/HelperStdContainer	ASIS	src/main/java/mods/eln/gui/HelperStdContainer.java	src/main/java/mods/eln/gui/HelperStdContainer.java	src/main/java/mods/eln/gui/HelperStdContainer.java
mods/eln/gui/HelperStdContainerBig	ASIS	src/main/java/mods/eln/gui/HelperStdContainerBig.java	src/main/java/mods/eln/gui/HelperStdContainerBig.java	src/main/java/mods/eln/gui/HelperStdContainerBig.java
mods/eln/gui/HelperStdContainerSmall	ASIS	src/main/java/mods/eln/gui/HelperStdContainerSmall.java	src/main/java/mods/eln/gui/HelperStdContainerSmall.java	src/main/java/mods/eln/gui/HelperStdContainerSmall.java
mods/eln/gui/IGuiObject	ASIS	src/main/java/mods/eln/gui/IGuiObject.java	src/main/java/mods/eln/gui/IGuiObject.java	src/main/java/mods/eln/gui/IGuiObject.java
mods/eln/gui/IItemStackFilter	ASIS	src/main/java/mods/eln/gui/IItemStackFilter.java	src/main/java/mods/eln/gui/IItemStackFilter.java	src/main/java/mods/eln/gui/IItemStackFilter.java
mods/eln/gui/ISlotSkin	ASIS	src/main/java/mods/eln/gui/ISlotSkin.java	src/main/java/mods/eln/gui/ISlotSkin.java	src/main/java/mods/eln/gui/ISlotSkin.java
mods/eln/gui/ISlotWithComment	ASIS	src/main/java/mods/eln/gui/ISlotWithComment.java	src/main/java/mods/eln/gui/ISlotWithComment.java	src/main/java/mods/eln/gui/ISlotWithComment.java
mods/eln/gui/ItemStackFilter	ASIS	src/main/java/mods/eln/gui/ItemStackFilter.java	src/main/java/mods/eln/gui/ItemStackFilter.java	src/main/java/mods/eln/gui/ItemStackFilter.java
mods/eln/gui/SlotFilter	ASIS	src/main/java/mods/eln/gui/SlotFilter.java	src/main/java/mods/eln/gui/SlotFilter.java	src/main/java/mods/eln/gui/SlotFilter.java
mods/eln/gui/SlotWithSkin	REPLAY	src/main/java/mods/eln/gui/SlotWithSkin.java	src/main/kotlin/mods/eln/gui/SlotWithSkin.kt	src/main/java/mods/eln/gui/SlotWithSkin.java
mods/eln/gui/SlotWithSkinAndComment	REPLAY	src/main/java/mods/eln/gui/SlotWithSkinAndComment.java	src/main/kotlin/mods/eln/gui/SlotWithSkinAndComment.kt	src/main/java/mods/eln/gui/SlotWithSkinAndComment.java
mods/eln/hardware/PacketSerial	FRESH	-	src/main/kotlin/mods/eln/hardware/PacketSerial.kt	-
mods/eln/i18n/I18N	REPLAY	src/main/java/mods/eln/i18n/I18N.java	src/main/kotlin/mods/eln/i18n/I18N.kt	src/main/java/mods/eln/i18n/I18N.java
mods/eln/i18n/JavaAstParser	FRESH	-	src/main/kotlin/mods/eln/i18n/JavaAstParser.kt	-
mods/eln/i18n/KotlinAstParser	FRESH	-	src/main/kotlin/mods/eln/i18n/KotlinAstParser.kt	-
mods/eln/i18n/LanguageFileGenerator	NOCRIB	src/main/java/mods/eln/i18n/LanguageFileGenerator.java	src/main/kotlin/mods/eln/i18n/LanguageFileGenerator.kt	src/main/java/mods/eln/i18n/LanguageFileGenerator.java
mods/eln/i18n/LanguageFileUpdater	NOCRIB	src/main/java/mods/eln/i18n/LanguageFileUpdater.java	src/main/kotlin/mods/eln/i18n/LanguageFileUpdater.kt	src/main/java/mods/eln/i18n/LanguageFileUpdater.java
mods/eln/i18n/SourceCodeParser	NOCRIB	src/main/java/mods/eln/i18n/SourceCodeParser.java	src/main/kotlin/mods/eln/i18n/SourceCodeParser.kt	src/main/java/mods/eln/i18n/SourceCodeParser.java
mods/eln/i18n/TranslationItem	NOCRIB	src/main/java/mods/eln/i18n/TranslationItem.java	src/main/kotlin/mods/eln/i18n/TranslationItem.kt	src/main/java/mods/eln/i18n/TranslationItem.java
mods/eln/integration/waila/ComputerProbeWailaProvider	FRESH	-	src/main/kotlin/mods/eln/integration/waila/ComputerProbeWailaProvider.kt	-
mods/eln/integration/waila/GhostNodeWailaData	REPLAY	src/main/java/mods/eln/integration/waila/GhostNodeWailaData.kt	src/main/kotlin/mods/eln/integration/waila/GhostNodeWailaData.kt	src/main/java/mods/eln/integration/waila/GhostNodeWailaData.kt
mods/eln/integration/waila/GhostNodeWailaProvider	REPLAY	src/main/java/mods/eln/integration/waila/GhostNodeWailaProvider.kt	src/main/kotlin/mods/eln/integration/waila/GhostNodeWailaProvider.kt	src/main/java/mods/eln/integration/waila/GhostNodeWailaProvider.kt
mods/eln/integration/waila/SixNodeCoordonate	REPLAY	src/main/java/mods/eln/integration/waila/SixNodeCoordonate.kt	src/main/kotlin/mods/eln/integration/waila/SixNodeCoordonate.kt	src/main/java/mods/eln/integration/waila/SixNodeCoordinate.kt
mods/eln/integration/waila/SixNodeWailaData	NOCRIB	src/main/java/mods/eln/integration/waila/SixNodeWailaData.kt	src/main/kotlin/mods/eln/integration/waila/SixNodeWailaData.kt	src/main/java/mods/eln/integration/waila/SixNodeWailaData.kt
mods/eln/integration/waila/SixNodeWailaProvider	REPLAY	src/main/java/mods/eln/integration/waila/SixNodeWailaProvider.kt	src/main/kotlin/mods/eln/integration/waila/SixNodeWailaProvider.kt	src/main/java/mods/eln/integration/waila/SixNodeWailaProvider.kt
mods/eln/integration/waila/TransparentNodeWailaEntry	FRESH	-	src/main/kotlin/mods/eln/integration/waila/TransparentNodeWailaEntry.kt	-
mods/eln/integration/waila/TransparentNodeWailaProvider	REPLAY	src/main/java/mods/eln/integration/waila/TransparentNodeWailaProvider.kt	src/main/kotlin/mods/eln/integration/waila/TransparentNodeWailaProvider.kt	src/main/java/mods/eln/integration/waila/TransparentNodeWailaProvider.kt
mods/eln/integration/waila/WailaCache	REPLAY	src/main/java/mods/eln/integration/waila/WailaCache.java	src/main/java/mods/eln/integration/waila/WailaCache.java	src/main/java/mods/eln/integration/waila/WailaCache.java
mods/eln/integration/waila/WailaIntegration	REPLAY	src/main/java/mods/eln/integration/waila/WailaIntegration.kt	src/main/kotlin/mods/eln/integration/waila/WailaIntegration.kt	src/main/java/mods/eln/integration/waila/WailaIntegration.kt
mods/eln/item/BasicComponents	FRESH	-	src/main/kotlin/mods/eln/item/BasicComponents.kt	-
mods/eln/item/BrushDescriptor	REPLAY	src/main/java/mods/eln/item/BrushDescriptor.kt	src/main/kotlin/mods/eln/item/BrushDescriptor.kt	src/main/java/mods/eln/item/BrushDescriptor.kt
mods/eln/item/CaseItemDescriptor	NOCRIB	src/main/java/mods/eln/item/CaseItemDescriptor.kt	src/main/kotlin/mods/eln/item/CaseItemDescriptor.kt	src/main/java/mods/eln/item/CaseItemDescriptor.kt
mods/eln/item/CombustionChamber	NOCRIB	src/main/java/mods/eln/item/CombustionChamber.java	src/main/java/mods/eln/item/CombustionChamber.java	src/main/java/mods/eln/item/CombustionChamber.java
mods/eln/item/ConfigCopyToolDescriptor	FRESH	-	src/main/java/mods/eln/item/ConfigCopyToolDescriptor.java	-
mods/eln/item/CopperCableDescriptor	ASIS	src/main/java/mods/eln/item/CopperCableDescriptor.java	src/main/java/mods/eln/item/CopperCableDescriptor.java	src/main/java/mods/eln/item/CopperCableDescriptor.java
mods/eln/item/DielectricItem	ASIS	src/main/java/mods/eln/item/DielectricItem.java	src/main/java/mods/eln/item/DielectricItem.java	src/main/java/mods/eln/item/DielectricItem.java
mods/eln/item/ElectricalDrillDescriptor	REPLAY	src/main/java/mods/eln/item/ElectricalDrillDescriptor.java	src/main/java/mods/eln/item/ElectricalDrillDescriptor.java	src/main/java/mods/eln/item/ElectricalDrillDescriptor.java
mods/eln/item/ElectricalFuseDescriptor	REPLAY	src/main/java/mods/eln/item/ElectricalFuseDescriptor.kt	src/main/kotlin/mods/eln/item/ElectricalFuseDescriptor.kt	src/main/java/mods/eln/item/ElectricalFuseDescriptor.kt
mods/eln/item/EntitySensorFilterDescriptor	NOCRIB	src/main/java/mods/eln/item/EntitySensorFilterDescriptor.java	src/main/java/mods/eln/item/EntitySensorFilterDescriptor.java	src/main/java/mods/eln/item/EntitySensorFilterDescriptor.java
mods/eln/item/FalstadImportTool	FRESH	-	src/main/kotlin/mods/eln/item/FalstadImportTool.kt	-
mods/eln/item/FerromagneticCoreDescriptor	REPLAY	src/main/java/mods/eln/item/FerromagneticCoreDescriptor.java	src/main/java/mods/eln/item/FerromagneticCoreDescriptor.java	src/main/java/mods/eln/item/FerromagneticCoreDescriptor.java
mods/eln/item/FuelBurnerDescriptor	NOCRIB	src/main/java/mods/eln/item/FuelBurnerDescriptor.kt	src/main/kotlin/mods/eln/item/FuelBurnerDescriptor.kt	src/main/java/mods/eln/item/FuelBurnerDescriptor.kt
mods/eln/item/GenericItemUsingDamageDescriptorResource	ASIS	src/main/java/mods/eln/item/GenericItemUsingDamageDescriptorResource.java	src/main/java/mods/eln/item/GenericItemUsingDamageDescriptorResource.java	src/main/java/mods/eln/item/GenericItemUsingDamageDescriptorResource.java
mods/eln/item/GenericItemUsingDamageDescriptorUpgrade	NOCRIB	src/main/java/mods/eln/item/GenericItemUsingDamageDescriptorUpgrade.java	src/main/kotlin/mods/eln/item/GenericItemUsingDamageDescriptorUpgrade.kt	src/main/java/mods/eln/item/GenericItemUsingDamageDescriptorUpgrade.java
mods/eln/item/GraphiteDescriptor	FRESH	-	src/main/java/mods/eln/item/GraphiteDescriptor.java	-
mods/eln/item/HeatingCorpElement	REPLAY	src/main/java/mods/eln/item/HeatingCorpElement.java	src/main/java/mods/eln/item/HeatingCorpElement.java	src/main/java/mods/eln/item/HeatingCorpElement.java
mods/eln/item/IConfigurable	FRESH	-	src/main/java/mods/eln/item/IConfigurable.java	-
mods/eln/item/IInteract	ASIS	src/main/java/mods/eln/item/IInteract.java	src/main/java/mods/eln/item/IInteract.java	src/main/java/mods/eln/item/IInteract.java
mods/eln/item/ItemAxeEln	ASIS	src/main/java/mods/eln/item/ItemAxeEln.java	src/main/java/mods/eln/item/ItemAxeEln.java	src/main/java/mods/eln/item/ItemAxeEln.java
mods/eln/item/ItemMovingHelper	FRESH	-	src/main/java/mods/eln/item/ItemMovingHelper.java	-
mods/eln/item/ItemPickaxeEln	ASIS	src/main/java/mods/eln/item/ItemPickaxeEln.java	src/main/java/mods/eln/item/ItemPickaxeEln.java	src/main/java/mods/eln/item/ItemPickaxeEln.java
mods/eln/item/MachineBoosterDescriptor	ASIS	src/main/java/mods/eln/item/MachineBoosterDescriptor.java	src/main/java/mods/eln/item/MachineBoosterDescriptor.java	src/main/java/mods/eln/item/MachineBoosterDescriptor.java
mods/eln/item/MiningPipeDescriptor	ASIS	src/main/java/mods/eln/item/MiningPipeDescriptor.java	src/main/java/mods/eln/item/MiningPipeDescriptor.java	src/main/java/mods/eln/item/MiningPipeDescriptor.java
mods/eln/item/NopeWandDescriptor	FRESH	-	src/main/kotlin/mods/eln/item/NopeWandDescriptor.kt	-
mods/eln/item/OreScanner	ASIS	src/main/java/mods/eln/item/OreScanner.java	src/main/java/mods/eln/item/OreScanner.java	src/main/java/mods/eln/item/OreScanner.java
mods/eln/item/OverHeatingProtectionDescriptor	NOCRIB	src/main/java/mods/eln/item/OverHeatingProtectionDescriptor.java	src/main/java/mods/eln/item/OverHeatingProtectionDescriptor.java	src/main/java/mods/eln/item/OverHeatingProtectionDescriptor.java
mods/eln/item/OverVoltageProtectionDescriptor	NOCRIB	src/main/java/mods/eln/item/OverVoltageProtectionDescriptor.java	src/main/java/mods/eln/item/OverVoltageProtectionDescriptor.java	src/main/java/mods/eln/item/OverVoltageProtectionDescriptor.java
mods/eln/item/SolarTrackerDescriptor	NOCRIB	src/main/java/mods/eln/item/SolarTrackerDescriptor.java	src/main/java/mods/eln/item/SolarTrackerDescriptor.java	src/main/java/mods/eln/item/SolarTrackerDescriptor.java
mods/eln/item/ThermalIsolatorElement	REPLAY	src/main/java/mods/eln/item/ThermalIsolatorElement.java	src/main/kotlin/mods/eln/item/ThermalIsolatorElement.kt	src/main/java/mods/eln/item/ThermalIsolatorElement.kt
mods/eln/item/ThermometerDescriptor	FRESH	-	src/main/kotlin/mods/eln/item/ThermometerDescriptor.kt	-
mods/eln/item/TreeResin	ASIS	src/main/java/mods/eln/item/TreeResin.java	src/main/java/mods/eln/item/TreeResin.java	src/main/java/mods/eln/item/TreeResin.java
mods/eln/item/TurbineBladeDescriptor	FRESH	-	src/main/kotlin/mods/eln/item/TurbineBladeDescriptor.kt	-
mods/eln/item/WireMachineItems	FRESH	-	src/main/kotlin/mods/eln/item/WireMachineItems.kt	-
mods/eln/item/WireScrapDescriptor	FRESH	-	src/main/kotlin/mods/eln/item/WireScrapDescriptor.kt	-
mods/eln/item/WireSnipsDescriptor	FRESH	-	src/main/kotlin/mods/eln/item/WireSnipsDescriptor.kt	-
mods/eln/item/electricalinterface/IItemEnergyBattery	ASIS	src/main/java/mods/eln/item/electricalinterface/IItemEnergyBattery.java	src/main/java/mods/eln/item/electricalinterface/IItemEnergyBattery.java	src/main/java/mods/eln/item/electricalinterface/IItemEnergyBattery.java
mods/eln/item/electricalinterface/ItemEnergyInventoryProcess	REPLAY	src/main/java/mods/eln/item/electricalinterface/ItemEnergyInventoryProcess.java	src/main/java/mods/eln/item/electricalinterface/ItemEnergyInventoryProcess.java	src/main/java/mods/eln/item/electricalinterface/ItemEnergyInventoryProcess.java
mods/eln/item/electricalitem/BatteryItem	REPLAY	src/main/java/mods/eln/item/electricalitem/BatteryItem.java	src/main/kotlin/mods/eln/item/electricalitem/BatteryItem.kt	src/main/java/mods/eln/item/electricalitem/BatteryItem.kt
mods/eln/item/electricalitem/ElectricalArmor	REPLAY	src/main/java/mods/eln/item/electricalitem/ElectricalArmor.java	src/main/kotlin/mods/eln/item/electricalitem/ElectricalArmor.kt	src/main/java/mods/eln/item/electricalitem/ElectricalArmor.kt
mods/eln/item/electricalitem/ElectricalAxe	REPLAY	src/main/java/mods/eln/item/electricalitem/ElectricalAxe.java	src/main/kotlin/mods/eln/item/electricalitem/ElectricalAxe.kt	src/main/java/mods/eln/item/electricalitem/ElectricalAxe.kt
mods/eln/item/electricalitem/ElectricalFlashlightItem	FRESH	-	src/main/kotlin/mods/eln/item/electricalitem/ElectricalFlashlightItem.kt	-
mods/eln/item/electricalitem/ElectricalPickaxe	REPLAY	src/main/java/mods/eln/item/electricalitem/ElectricalPickaxe.java	src/main/kotlin/mods/eln/item/electricalitem/ElectricalPickaxe.kt	src/main/java/mods/eln/item/electricalitem/ElectricalPickaxe.kt
mods/eln/item/electricalitem/ElectricalTool	REPLAY	src/main/java/mods/eln/item/electricalitem/ElectricalTool.java	src/main/kotlin/mods/eln/item/electricalitem/ElectricalTool.kt	src/main/java/mods/eln/item/electricalitem/ElectricalTool.kt
mods/eln/item/electricalitem/FlashlightItem	FRESH	-	src/main/kotlin/mods/eln/item/electricalitem/FlashlightItem.kt	-
mods/eln/item/electricalitem/OreScannerConfigElement	FRESH	-	src/main/kotlin/mods/eln/item/electricalitem/OreScannerConfigElement.kt	-
mods/eln/item/electricalitem/PortableOreScannerItem	REPLAY	src/main/java/mods/eln/item/electricalitem/PortableOreScannerItem.java	src/main/kotlin/mods/eln/item/electricalitem/PortableOreScannerItem.kt	src/main/java/mods/eln/item/electricalitem/PortableOreScannerItem.kt
mods/eln/item/lampitem/LampDescriptor	FRESH	-	src/main/kotlin/mods/eln/item/lampitem/LampDescriptor.kt	-
mods/eln/item/lampitem/LampItemSlot	FRESH	-	src/main/kotlin/mods/eln/item/lampitem/LampItemSlot.kt	-
mods/eln/item/lampitem/LampTechnology	FRESH	-	src/main/kotlin/mods/eln/item/lampitem/LampTechnology.kt	-
mods/eln/item/regulator/IRegulatorDescriptor	ASIS	src/main/java/mods/eln/item/regulator/IRegulatorDescriptor.java	src/main/java/mods/eln/item/regulator/IRegulatorDescriptor.java	src/main/java/mods/eln/item/regulator/IRegulatorDescriptor.java
mods/eln/item/regulator/RegulatorAnalogDescriptor	ASIS	src/main/java/mods/eln/item/regulator/RegulatorAnalogDescriptor.java	src/main/java/mods/eln/item/regulator/RegulatorAnalogDescriptor.java	src/main/java/mods/eln/item/regulator/RegulatorAnalogDescriptor.java
mods/eln/item/regulator/RegulatorOnOffDescriptor	ASIS	src/main/java/mods/eln/item/regulator/RegulatorOnOffDescriptor.java	src/main/java/mods/eln/item/regulator/RegulatorOnOffDescriptor.java	src/main/java/mods/eln/item/regulator/RegulatorOnOffDescriptor.java
mods/eln/item/regulator/RegulatorSlot	NOCRIB	src/main/java/mods/eln/item/regulator/RegulatorSlot.java	src/main/java/mods/eln/item/regulator/RegulatorSlot.java	src/main/java/mods/eln/item/regulator/RegulatorSlot.java
mods/eln/lightblock/LightBlock	FRESH	-	src/main/kotlin/mods/eln/lightblock/LightBlock.kt	-
mods/eln/lightblock/LightBlockEntity	FRESH	-	src/main/kotlin/mods/eln/lightblock/LightBlockEntity.kt	-
mods/eln/mechanical/BladeWearCalculator	FRESH	-	src/main/kotlin/mods/eln/mechanical/BladeWearCalculator.kt	-
mods/eln/mechanical/Clutch	FRESH	-	src/main/kotlin/mods/eln/mechanical/Clutch.kt	-
mods/eln/mechanical/CrankableShaft	FRESH	-	src/main/kotlin/mods/eln/mechanical/CrankableShaft.kt	-
mods/eln/mechanical/FixedShaft	FRESH	-	src/main/kotlin/mods/eln/mechanical/FixedShaft.kt	-
mods/eln/mechanical/Flywheel	NOCRIB	src/main/java/mods/eln/mechanical/Flywheel.kt	src/main/kotlin/mods/eln/mechanical/Flywheel.kt	src/main/java/mods/eln/mechanical/Flywheel.kt
mods/eln/mechanical/Generator	REPLAY	src/main/java/mods/eln/mechanical/Generator.kt	src/main/kotlin/mods/eln/mechanical/Generator.kt	src/main/java/mods/eln/mechanical/Generator.kt
mods/eln/mechanical/GhostShaftNode	FRESH	-	src/main/kotlin/mods/eln/mechanical/GhostShaftNode.kt	-
mods/eln/mechanical/JointHub	REPLAY	src/main/java/mods/eln/mechanical/JointHub.kt	src/main/kotlin/mods/eln/mechanical/JointHub.kt	src/main/java/mods/eln/mechanical/JointHub.kt
mods/eln/mechanical/Motor	FRESH	-	src/main/kotlin/mods/eln/mechanical/Motor.kt	-
mods/eln/mechanical/RadialMotor	FRESH	-	src/main/kotlin/mods/eln/mechanical/RadialMotor.kt	-
mods/eln/mechanical/RollingShaftMachine	FRESH	-	src/main/kotlin/mods/eln/mechanical/RollingShaftMachine.kt	-
mods/eln/mechanical/ShaftDebugLogger	FRESH	-	src/main/kotlin/mods/eln/mechanical/ShaftDebugLogger.kt	-
mods/eln/mechanical/ShaftNetwork	REPLAY	src/main/java/mods/eln/mechanical/ShaftNetwork.kt	src/main/kotlin/mods/eln/mechanical/ShaftNetwork.kt	src/main/java/mods/eln/mechanical/ShaftNetwork.kt
mods/eln/mechanical/SimpleShaft	REPLAY	src/main/java/mods/eln/mechanical/SimpleShaft.kt	src/main/kotlin/mods/eln/mechanical/SimpleShaft.kt	src/main/java/mods/eln/mechanical/SimpleShaft.kt
mods/eln/mechanical/StraightJoint	NOCRIB	src/main/java/mods/eln/mechanical/StraightJoint.kt	src/main/kotlin/mods/eln/mechanical/StraightJoint.kt	src/main/java/mods/eln/mechanical/StraightJoint.kt
mods/eln/mechanical/Tachometer	REPLAY	src/main/java/mods/eln/mechanical/Tachometer.kt	src/main/kotlin/mods/eln/mechanical/Tachometer.kt	src/main/java/mods/eln/mechanical/Tachometer.kt
mods/eln/mechanical/Turbines	REPLAY	src/main/java/mods/eln/mechanical/Turbines.kt	src/main/kotlin/mods/eln/mechanical/Turbines.kt	src/main/java/mods/eln/mechanical/Turbines.kt
mods/eln/mechanical/VerticalHub	FRESH	-	src/main/kotlin/mods/eln/mechanical/VerticalHub.kt	-
mods/eln/metrics/MetricsSubsystem	FRESH	-	src/main/kotlin/mods/eln/metrics/MetricsSubsystem.kt	-
mods/eln/misc/AnalyticsHandler	FRESH	-	src/main/kotlin/mods/eln/misc/AnalyticsHandler.kt	-
mods/eln/misc/BasicContainer	REPLAY	src/main/java/mods/eln/misc/BasicContainer.java	src/main/kotlin/mods/eln/misc/BasicContainer.kt	src/main/java/mods/eln/misc/BasicContainer.java
mods/eln/misc/BoundingBox	REPLAY	src/main/java/mods/eln/misc/BoundingBox.java	src/main/kotlin/mods/eln/misc/BoundingBox.kt	src/main/java/mods/eln/misc/BoundingBox.kt
mods/eln/misc/Coordinate	REPLAY	src/main/java/mods/eln/misc/Coordonate.java	src/main/kotlin/mods/eln/misc/Coordinate.kt	src/main/java/mods/eln/misc/Coordinate.java
mods/eln/misc/Direction	REPLAY	src/main/java/mods/eln/misc/Direction.java	src/main/kotlin/mods/eln/misc/Direction.kt	src/main/java/mods/eln/misc/Direction.java
mods/eln/misc/DirectionSet	REPLAY	src/main/java/mods/eln/misc/DirectionSet.kt	src/main/kotlin/mods/eln/misc/DirectionSet.kt	src/main/java/mods/eln/misc/DirectionSet.kt
mods/eln/misc/ElectricalSafety	FRESH	-	src/main/kotlin/mods/eln/misc/ElectricalSafety.kt	-
mods/eln/misc/Errors	FRESH	-	src/main/kotlin/mods/eln/misc/Errors.kt	-
mods/eln/misc/FC	FRESH	-	src/main/kotlin/mods/eln/misc/FC.kt	-
mods/eln/misc/FakeSideInventory	REPLAY	src/main/java/mods/eln/misc/FakeSideInventory.java	src/main/kotlin/mods/eln/misc/FakeSideInventory.kt	src/main/java/mods/eln/misc/FakeSideInventory.java
mods/eln/misc/FunctionTable	NOCRIB	src/main/java/mods/eln/misc/FunctionTable.java	src/main/kotlin/mods/eln/misc/FunctionTable.kt	src/main/java/mods/eln/misc/FunctionTable.java
mods/eln/misc/FunctionTableYProtect	NOCRIB	src/main/java/mods/eln/misc/FunctionTableYProtect.java	src/main/kotlin/mods/eln/misc/FunctionTableYProtect.kt	src/main/java/mods/eln/misc/FunctionTableYProtect.java
mods/eln/misc/GLUtil	NOCRIB	src/main/java/mods/eln/misc/GLUtil.kt	src/main/kotlin/mods/eln/misc/GLUtil.kt	src/main/java/mods/eln/misc/GLUtil.kt
mods/eln/misc/GhostPowerNode	REPLAY	src/main/java/mods/eln/misc/GhostPowerNode.kt	src/main/kotlin/mods/eln/misc/GhostPowerNode.kt	src/main/java/mods/eln/misc/GhostPowerNode.kt
mods/eln/misc/HSLColor	NOCRIB	src/main/java/mods/eln/misc/HSLColor.kt	src/main/kotlin/mods/eln/misc/HSLColor.kt	src/main/java/mods/eln/misc/HSLColor.kt
mods/eln/misc/HybridNodeDirection	FRESH	-	src/main/kotlin/mods/eln/misc/HybridNodeDirection.kt	-
mods/eln/misc/HybridNodeLRDU	FRESH	-	src/main/kotlin/mods/eln/misc/HybridNodeLRDU.kt	-
mods/eln/misc/IConfigSharing	NOCRIB	src/main/java/mods/eln/misc/IConfigSharing.java	src/main/kotlin/mods/eln/misc/IConfigSharing.kt	-
mods/eln/misc/IFunction	NOCRIB	src/main/java/mods/eln/misc/IFunction.java	src/main/kotlin/mods/eln/misc/IFunction.kt	src/main/java/mods/eln/misc/IFunction.java
mods/eln/misc/INBTTReady	REPLAY	src/main/java/mods/eln/misc/INBTTReady.java	src/main/kotlin/mods/eln/misc/INBTTReady.kt	src/main/java/mods/eln/misc/INBTTReady.java
mods/eln/misc/LRDU	REPLAY	src/main/java/mods/eln/misc/LRDU.java	src/main/kotlin/mods/eln/misc/LRDU.kt	src/main/java/mods/eln/misc/LRDU.java
mods/eln/misc/LRDUCubeMask	NOCRIB	src/main/java/mods/eln/misc/LRDUCubeMask.java	src/main/kotlin/mods/eln/misc/LRDUCubeMask.kt	src/main/java/mods/eln/misc/LRDUCubeMask.java
mods/eln/misc/LRDUMask	NOCRIB	src/main/java/mods/eln/misc/LRDUMask.java	src/main/kotlin/mods/eln/misc/LRDUMask.kt	src/main/java/mods/eln/misc/LRDUMask.java
mods/eln/misc/LinearFunction	NOCRIB	src/main/java/mods/eln/misc/LinearFunction.java	src/main/kotlin/mods/eln/misc/LinearFunction.kt	src/main/java/mods/eln/misc/LinearFunction.java
mods/eln/misc/LiveDataManager	NOCRIB	src/main/java/mods/eln/misc/LiveDataManager.java	src/main/kotlin/mods/eln/misc/LiveDataManager.kt	-
mods/eln/misc/McBridge	FRESH	-	src/main/kotlin/mods/eln/misc/McBridge.kt	-
mods/eln/misc/NominalVoltage	FRESH	-	src/main/kotlin/mods/eln/misc/NominalVoltage.kt	-
mods/eln/misc/Obj3D	REPLAY	src/main/java/mods/eln/misc/Obj3D.java	src/main/java/mods/eln/misc/Obj3D.java	src/main/java/mods/eln/misc/Obj3D.java
mods/eln/misc/Obj3DFolder	REPLAY	src/main/java/mods/eln/misc/Obj3DFolder.java	src/main/java/mods/eln/misc/Obj3DFolder.java	src/main/java/mods/eln/misc/Obj3DFolder.java
mods/eln/misc/PhysicalInterpolator	NOCRIB	src/main/java/mods/eln/misc/PhysicalInterpolator.java	src/main/kotlin/mods/eln/misc/PhysicalInterpolator.kt	src/main/java/mods/eln/misc/PhysicalInterpolator.java
mods/eln/misc/PhysicalInterpolatorNoRebound	NOCRIB	src/main/java/mods/eln/misc/PhysicalInterpolatorNoRebound.java	src/main/kotlin/mods/eln/misc/PhysicalInterpolatorNoRebound.kt	src/main/java/mods/eln/misc/PhysicalInterpolatorNoRebound.java
mods/eln/misc/Player	FRESH	-	src/main/kotlin/mods/eln/misc/Player.kt	-
mods/eln/misc/PlayerUtil	REPLAY	src/main/java/mods/eln/misc/PlayerUtil.kt	src/main/kotlin/mods/eln/misc/PlayerUtil.kt	src/main/java/mods/eln/misc/PlayerUtil.kt
mods/eln/misc/Profiler	NOCRIB	src/main/java/mods/eln/misc/Profiler.java	src/main/kotlin/mods/eln/misc/Profiler.kt	src/main/java/mods/eln/misc/Profiler.java
mods/eln/misc/RcInterpolator	REPLAY	src/main/java/mods/eln/misc/RcInterpolator.java	src/main/kotlin/mods/eln/misc/RcInterpolator.kt	src/main/java/mods/eln/misc/RcInterpolator.java
mods/eln/misc/RcRcInterpolator	REPLAY	src/main/java/mods/eln/misc/RcRcInterpolator.java	src/main/kotlin/mods/eln/misc/RcRcInterpolator.kt	src/main/java/mods/eln/misc/RcRcInterpolator.java
mods/eln/misc/RealisticEnum	FRESH	-	src/main/kotlin/mods/eln/misc/RealisticEnum.kt	-
mods/eln/misc/Recipe	REPLAY	src/main/java/mods/eln/misc/Recipe.java	src/main/kotlin/mods/eln/misc/Recipe.kt	src/main/java/mods/eln/misc/Recipe.java
mods/eln/misc/RecipesList	REPLAY	src/main/java/mods/eln/misc/RecipesList.java	src/main/kotlin/mods/eln/misc/RecipesList.kt	src/main/java/mods/eln/misc/RecipesList.java
mods/eln/misc/SeriesFunction	FRESH	-	src/main/kotlin/mods/eln/misc/SeriesFunction.kt	-
mods/eln/misc/SlewLimiter	NOCRIB	src/main/java/mods/eln/misc/SlewLimiter.java	src/main/kotlin/mods/eln/misc/SlewLimiter.kt	src/main/java/mods/eln/misc/SlewLimiter.java
mods/eln/misc/ThermalParameters	FRESH	-	src/main/kotlin/mods/eln/misc/ThermalParameters.kt	-
mods/eln/misc/TileEntityDestructor	NOCRIB	src/main/java/mods/eln/misc/TileEntityDestructor.java	src/main/kotlin/mods/eln/misc/TileEntityDestructor.kt	-
mods/eln/misc/Utils	REPLAY	src/main/java/mods/eln/misc/Utils.java	src/main/kotlin/mods/eln/misc/Utils.kt	src/main/java/mods/eln/misc/Utils.java
mods/eln/misc/UtilsClient	REPLAY	src/main/java/mods/eln/misc/UtilsClient.java	src/main/kotlin/mods/eln/misc/UtilsClient.kt	src/main/java/mods/eln/misc/UtilsClient.java
mods/eln/misc/Version	NOCRIB	src/main/java/mods/eln/misc/Version.java	src/main/kotlin/mods/eln/misc/Version.kt	-
mods/eln/misc/VoltageLevelColor	REPLAY	src/main/java/mods/eln/misc/VoltageLevelColor.java	src/main/kotlin/mods/eln/misc/VoltageLevelColor.kt	src/main/java/mods/eln/misc/VoltageLevelColor.java
mods/eln/misc/WindProcess	REPLAY	src/main/java/mods/eln/misc/WindProcess.java	src/main/kotlin/mods/eln/misc/WindProcess.kt	src/main/java/mods/eln/misc/WindProcess.java
mods/eln/mqtt/MqttManager	FRESH	-	src/main/kotlin/mods/eln/mqtt/MqttManager.kt	-
mods/eln/mqtt/MqttMeterManager	FRESH	-	src/main/kotlin/mods/eln/mqtt/MqttMeterManager.kt	-
mods/eln/mqtt/MqttMeterRegistry	FRESH	-	src/main/kotlin/mods/eln/mqtt/MqttMeterRegistry.kt	-
mods/eln/mqtt/MqttSignalControllerManager	FRESH	-	src/main/kotlin/mods/eln/mqtt/MqttSignalControllerManager.kt	-
mods/eln/mqtt/MqttSignalControllerRegistry	FRESH	-	src/main/kotlin/mods/eln/mqtt/MqttSignalControllerRegistry.kt	-
mods/eln/mqtt/MqttSubscriptionHandle	FRESH	-	src/main/kotlin/mods/eln/mqtt/MqttSubscriptionHandle.kt	-
mods/eln/mqtt/MqttTypes	FRESH	-	src/main/kotlin/mods/eln/mqtt/MqttTypes.kt	-
mods/eln/mqtt/SimpleMqttClient	FRESH	-	src/main/kotlin/mods/eln/mqtt/SimpleMqttClient.kt	-
mods/eln/node/AutoAcceptInventoryProxy	REPLAY	src/main/java/mods/eln/node/AutoAcceptInventoryProxy.kt	src/main/kotlin/mods/eln/node/AutoAcceptInventoryProxy.kt	src/main/java/mods/eln/node/AutoAcceptInventoryProxy.kt
mods/eln/node/GhostNode	REPLAY	src/main/java/mods/eln/node/GhostNode.java	src/main/kotlin/mods/eln/node/GhostNode.kt	src/main/java/mods/eln/node/GhostNode.java
mods/eln/node/INodeContainer	NOCRIB	src/main/java/mods/eln/node/INodeContainer.java	src/main/kotlin/mods/eln/node/INodeContainer.kt	src/main/java/mods/eln/node/INodeContainer.java
mods/eln/node/INodeElement	NOCRIB	src/main/java/mods/eln/node/INodeElement.kt	src/main/kotlin/mods/eln/node/INodeElement.kt	src/main/java/mods/eln/node/INodeElement.kt
mods/eln/node/INodeEntity	REPLAY	src/main/java/mods/eln/node/INodeEntity.java	src/main/kotlin/mods/eln/node/INodeEntity.kt	src/main/java/mods/eln/node/INodeEntity.java
mods/eln/node/ISixNodeCache	NOCRIB	src/main/java/mods/eln/node/ISixNodeCache.java	src/main/kotlin/mods/eln/node/ISixNodeCache.kt	src/main/java/mods/eln/node/ISixNodeCache.java
mods/eln/node/IThermalDestructorDescriptor	NOCRIB	src/main/java/mods/eln/node/IThermalDestructorDescriptor.java	src/main/kotlin/mods/eln/node/IThermalDestructorDescriptor.kt	src/main/java/mods/eln/node/IThermalDestructorDescriptor.java
mods/eln/node/ITileEntitySpawnClient	NOCRIB	src/main/java/mods/eln/node/ITileEntitySpawnClient.java	src/main/kotlin/mods/eln/node/ITileEntitySpawnClient.kt	src/main/java/mods/eln/node/ITileEntitySpawnClient.java
mods/eln/node/IVoltageDestructorDescriptor	NOCRIB	src/main/java/mods/eln/node/IVoltageDestructorDescriptor.java	src/main/kotlin/mods/eln/node/IVoltageDestructorDescriptor.kt	src/main/java/mods/eln/node/IVoltageDestructorDescriptor.java
mods/eln/node/Node	REPLAY	src/main/java/mods/eln/node/Node.java	src/main/kotlin/mods/eln/node/Node.kt	src/main/java/mods/eln/node/Node.java
mods/eln/node/NodeBase	REPLAY	src/main/java/mods/eln/node/NodeBase.java	src/main/kotlin/mods/eln/node/NodeBase.kt	src/main/java/mods/eln/node/NodeBase.java
mods/eln/node/NodeBlock	REPLAY	src/main/java/mods/eln/node/NodeBlock.java	src/main/kotlin/mods/eln/node/NodeBlock.kt	src/main/java/mods/eln/node/NodeBlock.java
mods/eln/node/NodeBlockEntity	REPLAY	src/main/java/mods/eln/node/NodeBlockEntity.java	src/main/kotlin/mods/eln/node/NodeBlockEntity.kt	src/main/java/mods/eln/node/NodeBlockEntity.java
mods/eln/node/NodeBlockItem	REPLAY	src/main/java/mods/eln/node/NodeBlockItem.java	src/main/kotlin/mods/eln/node/NodeBlockItem.kt	src/main/java/mods/eln/node/NodeBlockItem.java
mods/eln/node/NodeConnection	NOCRIB	src/main/java/mods/eln/node/NodeConnection.java	src/main/kotlin/mods/eln/node/NodeConnection.kt	src/main/java/mods/eln/node/NodeConnection.java
mods/eln/node/NodeEntityClientSender	REPLAY	src/main/java/mods/eln/node/NodeEntityClientSender.java	src/main/kotlin/mods/eln/node/NodeEntityClientSender.kt	src/main/java/mods/eln/node/NodeEntityClientSender.java
mods/eln/node/NodeManager	REPLAY	src/main/java/mods/eln/node/NodeManager.java	src/main/kotlin/mods/eln/node/NodeManager.kt	src/main/java/mods/eln/node/NodeManager.java
mods/eln/node/NodeManagerNbt	REPLAY	src/main/java/mods/eln/node/NodeManagerNbt.java	src/main/kotlin/mods/eln/node/NodeManagerNbt.kt	src/main/java/mods/eln/node/NodeManagerNbt.java
mods/eln/node/NodePeriodicPublishProcess	NOCRIB	src/main/java/mods/eln/node/NodePeriodicPublishProcess.java	src/main/kotlin/mods/eln/node/NodePeriodicPublishProcess.kt	src/main/java/mods/eln/node/NodePeriodicPublishProcess.java
mods/eln/node/NodeServer	NOCRIB	src/main/java/mods/eln/node/NodeServer.java	src/main/kotlin/mods/eln/node/NodeServer.kt	-
mods/eln/node/Synchronizable	NOCRIB	src/main/java/mods/eln/node/Synchronizable.kt	src/main/kotlin/mods/eln/node/Synchronizable.kt	src/main/java/mods/eln/node/Synchronizable.kt
mods/eln/node/published	NOCRIB	src/main/java/mods/eln/node/published.kt	src/main/kotlin/mods/eln/node/published.kt	src/main/java/mods/eln/node/published.kt
mods/eln/node/simple/DescriptorBase	FRESH	-	src/main/kotlin/mods/eln/node/simple/DescriptorBase.kt	-
mods/eln/node/simple/DescriptorManager	FRESH	-	src/main/kotlin/mods/eln/node/simple/DescriptorManager.kt	-
mods/eln/node/simple/SimpleNode	REPLAY	src/main/java/mods/eln/node/simple/SimpleNode.java	src/main/kotlin/mods/eln/node/simple/SimpleNode.kt	src/main/java/mods/eln/node/simple/SimpleNode.java
mods/eln/node/simple/SimpleNodeBlock	REPLAY	src/main/java/mods/eln/node/simple/SimpleNodeBlock.java	src/main/kotlin/mods/eln/node/simple/SimpleNodeBlock.kt	src/main/java/mods/eln/node/simple/SimpleNodeBlock.java
mods/eln/node/simple/SimpleNodeEntity	REPLAY	src/main/java/mods/eln/node/simple/SimpleNodeEntity.java	src/main/kotlin/mods/eln/node/simple/SimpleNodeEntity.kt	src/main/java/mods/eln/node/simple/SimpleNodeEntity.java
mods/eln/node/simple/SimpleNodeItem	REPLAY	src/main/java/mods/eln/node/simple/SimpleNodeItem.java	src/main/kotlin/mods/eln/node/simple/SimpleNodeItem.kt	src/main/java/mods/eln/node/simple/SimpleNodeItem.java
mods/eln/node/six/SixNode	REPLAY	src/main/java/mods/eln/node/six/SixNode.java	src/main/kotlin/mods/eln/node/six/SixNode.kt	src/main/java/mods/eln/node/six/SixNode.java
mods/eln/node/six/SixNodeBlock	REPLAY	src/main/java/mods/eln/node/six/SixNodeBlock.java	src/main/kotlin/mods/eln/node/six/SixNodeBlock.kt	src/main/java/mods/eln/node/six/SixNodeBlock.java
mods/eln/node/six/SixNodeCacheStd	REPLAY	src/main/java/mods/eln/node/six/SixNodeCacheStd.java	src/main/kotlin/mods/eln/node/six/SixNodeCacheStd.kt	src/main/java/mods/eln/node/six/SixNodeCacheStd.java
mods/eln/node/six/SixNodeDescriptor	REPLAY	src/main/java/mods/eln/node/six/SixNodeDescriptor.java	src/main/kotlin/mods/eln/node/six/SixNodeDescriptor.kt	src/main/java/mods/eln/node/six/SixNodeDescriptor.java
mods/eln/node/six/SixNodeElement	REPLAY	src/main/java/mods/eln/node/six/SixNodeElement.java	src/main/kotlin/mods/eln/node/six/SixNodeElement.kt	src/main/java/mods/eln/node/six/SixNodeElement.java
mods/eln/node/six/SixNodeElementInventory	REPLAY	src/main/java/mods/eln/node/six/SixNodeElementInventory.java	src/main/kotlin/mods/eln/node/six/SixNodeElementInventory.kt	src/main/java/mods/eln/node/six/SixNodeElementInventory.java
mods/eln/node/six/SixNodeElementRender	REPLAY	src/main/java/mods/eln/node/six/SixNodeElementRender.java	src/main/kotlin/mods/eln/node/six/SixNodeElementRender.kt	src/main/java/mods/eln/node/six/SixNodeElementRender.java
mods/eln/node/six/SixNodeEntity	REPLAY	src/main/java/mods/eln/node/six/SixNodeEntity.java	src/main/kotlin/mods/eln/node/six/SixNodeEntity.kt	src/main/java/mods/eln/node/six/SixNodeEntity.java
mods/eln/node/six/SixNodeItem	REPLAY	src/main/java/mods/eln/node/six/SixNodeItem.java	src/main/kotlin/mods/eln/node/six/SixNodeItem.kt	src/main/java/mods/eln/node/six/SixNodeItem.java
mods/eln/node/six/SixNodeItemSlot	NOCRIB	src/main/java/mods/eln/node/six/SixNodeItemSlot.java	src/main/kotlin/mods/eln/node/six/SixNodeItemSlot.kt	src/main/java/mods/eln/node/six/SixNodeItemSlot.java
mods/eln/node/six/SixNodeRender	REPLAY	src/main/java/mods/eln/node/six/SixNodeRender.java	src/main/kotlin/mods/eln/node/six/SixNodeRender.kt	src/main/java/mods/eln/node/six/SixNodeRender.java
mods/eln/node/transparent/EntityMetaTag	NOCRIB	src/main/java/mods/eln/node/transparent/EntityMetaTag.java	src/main/kotlin/mods/eln/node/transparent/EntityMetaTag.kt	src/main/java/mods/eln/node/transparent/EntityMetaTag.java
mods/eln/node/transparent/TransparentNode	REPLAY	src/main/java/mods/eln/node/transparent/TransparentNode.java	src/main/kotlin/mods/eln/node/transparent/TransparentNode.kt	src/main/java/mods/eln/node/transparent/TransparentNode.java
mods/eln/node/transparent/TransparentNodeBlock	REPLAY	src/main/java/mods/eln/node/transparent/TransparentNodeBlock.java	src/main/kotlin/mods/eln/node/transparent/TransparentNodeBlock.kt	src/main/java/mods/eln/node/transparent/TransparentNodeBlock.java
mods/eln/node/transparent/TransparentNodeDescriptor	REPLAY	src/main/java/mods/eln/node/transparent/TransparentNodeDescriptor.java	src/main/kotlin/mods/eln/node/transparent/TransparentNodeDescriptor.kt	src/main/java/mods/eln/node/transparent/TransparentNodeDescriptor.java
mods/eln/node/transparent/TransparentNodeElement	REPLAY	src/main/java/mods/eln/node/transparent/TransparentNodeElement.java	src/main/kotlin/mods/eln/node/transparent/TransparentNodeElement.kt	src/main/java/mods/eln/node/transparent/TransparentNodeElement.java
mods/eln/node/transparent/TransparentNodeElementInventory	REPLAY	src/main/java/mods/eln/node/transparent/TransparentNodeElementInventory.java	src/main/kotlin/mods/eln/node/transparent/TransparentNodeElementInventory.kt	src/main/java/mods/eln/node/transparent/TransparentNodeElementInventory.java
mods/eln/node/transparent/TransparentNodeElementRender	REPLAY	src/main/java/mods/eln/node/transparent/TransparentNodeElementRender.java	src/main/kotlin/mods/eln/node/transparent/TransparentNodeElementRender.kt	src/main/java/mods/eln/node/transparent/TransparentNodeElementRender.java
mods/eln/node/transparent/TransparentNodeEntity	REPLAY	src/main/java/mods/eln/node/transparent/TransparentNodeEntity.java	src/main/kotlin/mods/eln/node/transparent/TransparentNodeEntity.kt	src/main/java/mods/eln/node/transparent/TransparentNodeEntity.java
mods/eln/node/transparent/TransparentNodeEntityWithFluid	REPLAY	src/main/java/mods/eln/node/transparent/TransparentNodeEntityWithFluid.java	src/main/kotlin/mods/eln/node/transparent/TransparentNodeEntityWithFluid.kt	src/main/java/mods/eln/node/transparent/TransparentNodeEntityWithFluid.java
mods/eln/node/transparent/TransparentNodeEntityWithSiededInv	NOCRIB	src/main/java/mods/eln/node/transparent/TransparentNodeEntityWithSiededInv.java	src/main/kotlin/mods/eln/node/transparent/TransparentNodeEntityWithSiededInv.kt	-
mods/eln/node/transparent/TransparentNodeItem	REPLAY	src/main/java/mods/eln/node/transparent/TransparentNodeItem.java	src/main/kotlin/mods/eln/node/transparent/TransparentNodeItem.kt	src/main/java/mods/eln/node/transparent/TransparentNodeItem.java
mods/eln/node/transparent/TransparentNodeRender	REPLAY	src/main/java/mods/eln/node/transparent/TransparentNodeRender.java	src/main/kotlin/mods/eln/node/transparent/TransparentNodeRender.kt	src/main/java/mods/eln/node/transparent/TransparentNodeRender.java
mods/eln/ore/OreBlock	NOCRIB	src/main/java/mods/eln/ore/OreBlock.java	src/main/kotlin/mods/eln/ore/OreBlock.kt	-
mods/eln/ore/OreDescriptor	NOCRIB	src/main/java/mods/eln/ore/OreDescriptor.java	src/main/kotlin/mods/eln/ore/OreDescriptor.kt	-
mods/eln/ore/OreItem	NOCRIB	src/main/java/mods/eln/ore/OreItem.java	src/main/kotlin/mods/eln/ore/OreItem.kt	-
mods/eln/ore/OreScannerManager	FRESH	-	src/main/kotlin/mods/eln/ore/OreScannerManager.kt	-
mods/eln/packets/AchievePacket	REPLAY	src/main/java/mods/eln/packets/AchievePacket.java	src/main/kotlin/mods/eln/packets/AchievePacket.kt	src/main/java/mods/eln/packets/AchievePacket.java
mods/eln/packets/AchievePacketHandler	NOCRIB	src/main/java/mods/eln/packets/AchievePacketHandler.java	src/main/kotlin/mods/eln/packets/AchievePacketHandler.kt	-
mods/eln/packets/GhostNodeWailaRequestPacket	REPLAY	src/main/java/mods/eln/packets/GhostNodeWailaRequestPacket.kt	src/main/kotlin/mods/eln/packets/GhostNodeWailaRequestPacket.kt	src/main/java/mods/eln/packets/GhostNodeWailaRequestPacket.kt
mods/eln/packets/GhostNodeWailaRequestPacketHandler	REPLAY	src/main/java/mods/eln/packets/GhostNodeWailaRequestPacketHandler.kt	src/main/kotlin/mods/eln/packets/GhostNodeWailaRequestPacketHandler.kt	src/main/java/mods/eln/packets/GhostNodeWailaRequestPacketHandler.kt
mods/eln/packets/GhostNodeWailaResponsePacket	REPLAY	src/main/java/mods/eln/packets/GhostNodeWailaResponsePacket.kt	src/main/kotlin/mods/eln/packets/GhostNodeWailaResponsePacket.kt	src/main/java/mods/eln/packets/GhostNodeWailaResponsePacket.kt
mods/eln/packets/GhostNodeWailaResponsePacketHandler	REPLAY	src/main/java/mods/eln/packets/GhostNodeWailaResponsePacketHandler.kt	src/main/kotlin/mods/eln/packets/GhostNodeWailaResponsePacketHandler.kt	src/main/java/mods/eln/packets/GhostNodeWailaResponsePacketHandler.kt
mods/eln/packets/SixNodeWailaRequestPacket	REPLAY	src/main/java/mods/eln/packets/SixNodeWailaRequestPacket.kt	src/main/kotlin/mods/eln/packets/SixNodeWailaRequestPacket.kt	src/main/java/mods/eln/packets/SixNodeWailaRequestPacket.kt
mods/eln/packets/SixNodeWailaRequestPacketHandler	REPLAY	src/main/java/mods/eln/packets/SixNodeWailaRequestPacketHandler.kt	src/main/kotlin/mods/eln/packets/SixNodeWailaRequestPacketHandler.kt	src/main/java/mods/eln/packets/SixNodeWailaRequestPacketHandler.kt
mods/eln/packets/SixNodeWailaResponsePacket	REPLAY	src/main/java/mods/eln/packets/SixNodeWailaResponsePacket.kt	src/main/kotlin/mods/eln/packets/SixNodeWailaResponsePacket.kt	src/main/java/mods/eln/packets/SixNodeWailaResponsePacket.kt
mods/eln/packets/SixNodeWailaResponsePacketHandler	REPLAY	src/main/java/mods/eln/packets/SixNodeWailaResponsePacketHandler.kt	src/main/kotlin/mods/eln/packets/SixNodeWailaResponsePacketHandler.kt	src/main/java/mods/eln/packets/SixNodeWailaResponsePacketHandler.kt
mods/eln/packets/TransparentNodeRequestPacket	REPLAY	src/main/java/mods/eln/packets/TransparentNodeRequestPacket.kt	src/main/kotlin/mods/eln/packets/TransparentNodeRequestPacket.kt	src/main/java/mods/eln/packets/TransparentNodeRequestPacket.kt
mods/eln/packets/TransparentNodeRequestPacketHandler	REPLAY	src/main/java/mods/eln/packets/TransparentNodeRequestPacketHandler.kt	src/main/kotlin/mods/eln/packets/TransparentNodeRequestPacketHandler.kt	src/main/java/mods/eln/packets/TransparentNodeRequestPacketHandler.kt
mods/eln/packets/TransparentNodeResponsePacket	REPLAY	src/main/java/mods/eln/packets/TransparentNodeResponsePacket.kt	src/main/kotlin/mods/eln/packets/TransparentNodeResponsePacket.kt	src/main/java/mods/eln/packets/TransparentNodeResponsePacket.kt
mods/eln/packets/TransparentNodeResponsePacketHandler	REPLAY	src/main/java/mods/eln/packets/TransparentNodeResponsePacketHandler.kt	src/main/kotlin/mods/eln/packets/TransparentNodeResponsePacketHandler.kt	src/main/java/mods/eln/packets/TransparentNodeResponsePacketHandler.kt
mods/eln/railroad/ElectricMinecartChargeReporter	FRESH	-	src/main/kotlin/mods/eln/railroad/ElectricMinecartChargeReporter.kt	-
mods/eln/railroad/ElectricMinecartItem	FRESH	-	src/main/kotlin/mods/eln/railroad/ElectricMinecartItem.kt	-
mods/eln/railroad/EntityElectricMinecart	FRESH	-	src/main/kotlin/mods/eln/railroad/EntityElectricMinecart.kt	-
mods/eln/railroad/OverheadLines	FRESH	-	src/main/kotlin/mods/eln/railroad/OverheadLines.kt	-
mods/eln/railroad/PoweredMinecartSimulationData	FRESH	-	src/main/kotlin/mods/eln/railroad/PoweredMinecartSimulationData.kt	-
mods/eln/railroad/PoweredMinecartSimulationSingleton	FRESH	-	src/main/kotlin/mods/eln/railroad/PoweredMinecartSimulationSingleton.kt	-
mods/eln/railroad/RailroadPowerInterface	FRESH	-	src/main/kotlin/mods/eln/railroad/RailroadPowerInterface.kt	-
mods/eln/railroad/RailroadResistorSlowProcess	FRESH	-	src/main/kotlin/mods/eln/railroad/RailroadResistorSlowProcess.kt	-
mods/eln/railroad/UnderTrackPower	FRESH	-	src/main/kotlin/mods/eln/railroad/UnderTrackPower.kt	-
mods/eln/registration/ItemRegistration	FRESH	-	src/main/kotlin/mods/eln/registration/ItemRegistration.kt	-
mods/eln/registration/SingleNodeRegistration	FRESH	-	src/main/kotlin/mods/eln/registration/SingleNodeRegistration.kt	-
mods/eln/registration/SixNodeRegistration	FRESH	-	src/main/kotlin/mods/eln/registration/SixNodeRegistration.kt	-
mods/eln/registration/TransparentNodeRegistration	FRESH	-	src/main/kotlin/mods/eln/registration/TransparentNodeRegistration.kt	-
mods/eln/server/DelayedBlockRemove	REPLAY	src/main/java/mods/eln/server/DelayedBlockRemove.java	src/main/kotlin/mods/eln/server/DelayedBlockRemove.kt	src/main/java/mods/eln/server/DelayedBlockRemove.java
mods/eln/server/DelayedTaskManager	REPLAY	src/main/java/mods/eln/server/DelayedTaskManager.java	src/main/kotlin/mods/eln/server/DelayedTaskManager.kt	src/main/java/mods/eln/server/DelayedTaskManager.java
mods/eln/server/ElnDestroyHelper	FRESH	-	src/main/kotlin/mods/eln/server/ElnDestroyHelper.kt	-
mods/eln/server/ElnWorldStorage	REPLAY	src/main/java/mods/eln/server/ElnWorldStorage.java	src/main/kotlin/mods/eln/server/ElnWorldStorage.kt	src/main/java/mods/eln/server/ElnWorldStorage.java
mods/eln/server/SaveConfig	REPLAY	src/main/java/mods/eln/server/SaveConfig.java	src/main/kotlin/mods/eln/server/SaveConfig.kt	src/main/java/mods/eln/server/SaveConfig.java
mods/eln/server/ServerEventListener	REPLAY	src/main/java/mods/eln/server/ServerEventListener.java	src/main/kotlin/mods/eln/server/ServerEventListener.kt	src/main/java/mods/eln/server/ServerEventListener.java
mods/eln/server/console/ElnConsoleCommands	FRESH	-	src/main/kotlin/mods/eln/server/console/ElnConsoleCommands.kt	-
mods/eln/server/console/ElnConsoleHandler	FRESH	-	src/main/kotlin/mods/eln/server/console/ElnConsoleHandler.kt	-
mods/eln/server/console/IConsoleCommand	FRESH	-	src/main/kotlin/mods/eln/server/console/IConsoleCommand.kt	-
mods/eln/server/console/UserPermission	FRESH	-	src/main/kotlin/mods/eln/server/console/UserPermission.kt	-
mods/eln/sim/BatteryProcess	NOCRIB	src/main/java/mods/eln/sim/BatteryProcess.java	src/main/kotlin/mods/eln/sim/BatteryProcess.kt	src/main/java/mods/eln/sim/BatteryProcess.java
mods/eln/sim/BatterySlowProcess	REPLAY	src/main/java/mods/eln/sim/BatterySlowProcess.java	src/main/kotlin/mods/eln/sim/BatterySlowProcess.kt	src/main/java/mods/eln/sim/BatterySlowProcess.java
mods/eln/sim/Differentiator	FRESH	-	src/main/kotlin/mods/eln/sim/Differentiator.kt	-
mods/eln/sim/DiodeProcess	NOCRIB	src/main/java/mods/eln/sim/DiodeProcess.java	src/main/java/mods/eln/sim/DiodeProcess.java	src/main/java/mods/eln/sim/DiodeProcess.java
mods/eln/sim/ElectricalConnection	NOCRIB	src/main/java/mods/eln/sim/ElectricalConnection.java	src/main/java/mods/eln/sim/ElectricalConnection.java	src/main/java/mods/eln/sim/ElectricalConnection.java
mods/eln/sim/ElectricalLoad	NOCRIB	src/main/java/mods/eln/sim/ElectricalLoad.java	src/main/java/mods/eln/sim/ElectricalLoad.java	src/main/java/mods/eln/sim/ElectricalLoad.java
mods/eln/sim/ElectricalResistorHeatThermalLoad	NOCRIB	src/main/java/mods/eln/sim/ElectricalResistorHeatThermalLoad.java	src/main/java/mods/eln/sim/ElectricalResistorHeatThermalLoad.java	src/main/java/mods/eln/sim/ElectricalResistorHeatThermalLoad.java
mods/eln/sim/ElectricalStackMachineProcess	REPLAY	src/main/java/mods/eln/sim/ElectricalStackMachineProcess.java	src/main/java/mods/eln/sim/ElectricalStackMachineProcess.java	src/main/java/mods/eln/sim/ElectricalStackMachineProcess.java
mods/eln/sim/FurnaceProcess	NOCRIB	src/main/java/mods/eln/sim/FurnaceProcess.java	src/main/java/mods/eln/sim/FurnaceProcess.java	src/main/java/mods/eln/sim/FurnaceProcess.java
mods/eln/sim/IProcess	NOCRIB	src/main/java/mods/eln/sim/IProcess.java	src/main/java/mods/eln/sim/IProcess.java	src/main/java/mods/eln/sim/IProcess.java
mods/eln/sim/ITimeRemoverObserver	ASIS	src/main/java/mods/eln/sim/ITimeRemoverObserver.java	src/main/java/mods/eln/sim/ITimeRemoverObserver.java	src/main/java/mods/eln/sim/ITimeRemoverObserver.java
mods/eln/sim/Integrator	FRESH	-	src/main/kotlin/mods/eln/sim/Integrator.kt	-
mods/eln/sim/MnaMatrixDebugger	FRESH	-	src/main/kotlin/mods/eln/sim/MnaMatrixDebugger.kt	-
mods/eln/sim/MonsterPopFreeProcess	NOCRIB	src/main/java/mods/eln/sim/MonsterPopFreeProcess.java	src/main/java/mods/eln/sim/MonsterPopFreeProcess.java	-
mods/eln/sim/NodeElectricalGateInputHysteresisProcess	REPLAY	src/main/java/mods/eln/sim/NodeElectricalGateInputHysteresisProcess.java	src/main/java/mods/eln/sim/NodeElectricalGateInputHysteresisProcess.java	src/main/java/mods/eln/sim/NodeElectricalGateInputHysteresisProcess.java
mods/eln/sim/NodeVoltageState	REPLAY	src/main/java/mods/eln/sim/NodeVoltageState.java	src/main/java/mods/eln/sim/NodeVoltageState.java	src/main/java/mods/eln/sim/NodeVoltageState.java
mods/eln/sim/PhysicalConstant	NOCRIB	src/main/java/mods/eln/sim/PhysicalConstant.java	src/main/java/mods/eln/sim/PhysicalConstant.java	src/main/java/mods/eln/sim/PhysicalConstant.java
mods/eln/sim/RegulatorFurnaceProcess	NOCRIB	src/main/java/mods/eln/sim/RegulatorFurnaceProcess.java	src/main/java/mods/eln/sim/RegulatorFurnaceProcess.java	src/main/java/mods/eln/sim/RegulatorFurnaceProcess.java
mods/eln/sim/RegulatorProcess	VERBATIM	src/main/java/mods/eln/sim/RegulatorProcess.java	src/main/java/mods/eln/sim/RegulatorProcess.java	src/main/java/mods/eln/sim/RegulatorProcess.java
mods/eln/sim/RegulatorThermalLoadToElectricalResistor	NOCRIB	src/main/java/mods/eln/sim/RegulatorThermalLoadToElectricalResistor.java	src/main/java/mods/eln/sim/RegulatorThermalLoadToElectricalResistor.java	src/main/java/mods/eln/sim/RegulatorThermalLoadToElectricalResistor.java
mods/eln/sim/ResistorProcess	NOCRIB	src/main/java/mods/eln/sim/ResistorProcess.java	src/main/java/mods/eln/sim/ResistorProcess.java	src/main/java/mods/eln/sim/ResistorProcess.java
mods/eln/sim/SignalLoadSupport	FRESH	-	src/main/kotlin/mods/eln/sim/SignalLoadSupport.kt	-
mods/eln/sim/SignalRp	REPLAY	src/main/java/mods/eln/sim/SignalRp.java	src/main/java/mods/eln/sim/SignalRp.java	src/main/java/mods/eln/sim/SignalRp.java
mods/eln/sim/Simulator	REPLAY	src/main/java/mods/eln/sim/Simulator.java	src/main/java/mods/eln/sim/Simulator.java	src/main/java/mods/eln/sim/Simulator.java
mods/eln/sim/StackMachineProcess	FRESH	-	src/main/kotlin/mods/eln/sim/StackMachineProcess.kt	-
mods/eln/sim/ThermalConnection	ASIS	src/main/java/mods/eln/sim/ThermalConnection.java	src/main/java/mods/eln/sim/ThermalConnection.java	src/main/java/mods/eln/sim/ThermalConnection.java
mods/eln/sim/ThermalLoad	REPLAY	src/main/java/mods/eln/sim/ThermalLoad.java	src/main/java/mods/eln/sim/ThermalLoad.java	src/main/java/mods/eln/sim/ThermalLoad.java
mods/eln/sim/ThermalLoadInitializer	NOCRIB	src/main/java/mods/eln/sim/ThermalLoadInitializer.java	src/main/java/mods/eln/sim/ThermalLoadInitializer.java	src/main/java/mods/eln/sim/ThermalLoadInitializer.java
mods/eln/sim/ThermalLoadInitializerByPowerDrop	REPLAY	src/main/java/mods/eln/sim/ThermalLoadInitializerByPowerDrop.java	src/main/java/mods/eln/sim/ThermalLoadInitializerByPowerDrop.java	src/main/java/mods/eln/sim/ThermalLoadInitializerByPowerDrop.java
mods/eln/sim/ThermalResistor	NOCRIB	src/main/java/mods/eln/sim/ThermalResistor.java	src/main/java/mods/eln/sim/ThermalResistor.java	src/main/java/mods/eln/sim/ThermalResistor.java
mods/eln/sim/TimeRemover	ASIS	src/main/java/mods/eln/sim/TimeRemover.java	src/main/java/mods/eln/sim/TimeRemover.java	src/main/java/mods/eln/sim/TimeRemover.java
mods/eln/sim/fsm/CompositeState	FRESH	-	src/main/kotlin/mods/eln/sim/fsm/CompositeState.kt	-
mods/eln/sim/fsm/State	FRESH	-	src/main/kotlin/mods/eln/sim/fsm/State.kt	-
mods/eln/sim/fsm/StateMachine	FRESH	-	src/main/kotlin/mods/eln/sim/fsm/StateMachine.kt	-
mods/eln/sim/mna/MnaStepMetricsAccumulator	FRESH	-	src/main/java/mods/eln/sim/mna/MnaStepMetricsAccumulator.java	-
mods/eln/sim/mna/RootSystem	REPLAY	src/main/java/mods/eln/sim/mna/RootSystem.java	src/main/java/mods/eln/sim/mna/RootSystem.java	src/main/java/mods/eln/sim/mna/RootSystem.java
mods/eln/sim/mna/SubSystem	REPLAY	src/main/java/mods/eln/sim/mna/SubSystem.java	src/main/java/mods/eln/sim/mna/SubSystem.java	src/main/java/mods/eln/sim/mna/SubSystem.java
mods/eln/sim/mna/SubSystemDebugSnapshot	FRESH	-	src/main/java/mods/eln/sim/mna/SubSystemDebugSnapshot.java	-
mods/eln/sim/mna/component/Bipole	NOCRIB	src/main/java/mods/eln/sim/mna/component/Bipole.java	src/main/java/mods/eln/sim/mna/component/Bipole.java	src/main/java/mods/eln/sim/mna/component/Bipole.java
mods/eln/sim/mna/component/Capacitor	NOCRIB	src/main/java/mods/eln/sim/mna/component/Capacitor.java	src/main/java/mods/eln/sim/mna/component/Capacitor.java	src/main/java/mods/eln/sim/mna/component/Capacitor.java
mods/eln/sim/mna/component/Component	NOCRIB	src/main/java/mods/eln/sim/mna/component/Component.java	src/main/java/mods/eln/sim/mna/component/Component.java	src/main/java/mods/eln/sim/mna/component/Component.java
mods/eln/sim/mna/component/CurrentSource	FRESH	-	src/main/java/mods/eln/sim/mna/component/CurrentSource.java	-
mods/eln/sim/mna/component/Delay	NOCRIB	src/main/java/mods/eln/sim/mna/component/Delay.java	src/main/java/mods/eln/sim/mna/component/Delay.java	src/main/java/mods/eln/sim/mna/component/Delay.java
mods/eln/sim/mna/component/IAbstractor	ASIS	src/main/java/mods/eln/sim/mna/component/IAbstractor.java	src/main/java/mods/eln/sim/mna/component/IAbstractor.java	src/main/java/mods/eln/sim/mna/component/IAbstractor.java
mods/eln/sim/mna/component/Inductor	REPLAY	src/main/java/mods/eln/sim/mna/component/Inductor.java	src/main/java/mods/eln/sim/mna/component/Inductor.java	src/main/java/mods/eln/sim/mna/component/Inductor.java
mods/eln/sim/mna/component/InterSystem	NOCRIB	src/main/java/mods/eln/sim/mna/component/InterSystem.java	src/main/java/mods/eln/sim/mna/component/InterSystem.java	src/main/java/mods/eln/sim/mna/component/InterSystem.java
mods/eln/sim/mna/component/InterSystemAbstraction	NOCRIB	src/main/java/mods/eln/sim/mna/component/InterSystemAbstraction.java	src/main/java/mods/eln/sim/mna/component/InterSystemAbstraction.java	src/main/java/mods/eln/sim/mna/component/InterSystemAbstraction.java
mods/eln/sim/mna/component/Line	NOCRIB	src/main/java/mods/eln/sim/mna/component/Line.java	src/main/java/mods/eln/sim/mna/component/Line.java	src/main/java/mods/eln/sim/mna/component/Line.java
mods/eln/sim/mna/component/Monopole	NOCRIB	src/main/java/mods/eln/sim/mna/component/Monopole.java	src/main/java/mods/eln/sim/mna/component/Monopole.java	src/main/java/mods/eln/sim/mna/component/Monopole.java
mods/eln/sim/mna/component/PowerSource	REPLAY	src/main/java/mods/eln/sim/mna/component/PowerSource.java	src/main/java/mods/eln/sim/mna/component/PowerSource.java	src/main/java/mods/eln/sim/mna/component/PowerSource.java
mods/eln/sim/mna/component/Resistor	NOCRIB	src/main/java/mods/eln/sim/mna/component/Resistor.java	src/main/java/mods/eln/sim/mna/component/Resistor.java	src/main/java/mods/eln/sim/mna/component/Resistor.java
mods/eln/sim/mna/component/ResistorSwitch	REPLAY	src/main/java/mods/eln/sim/mna/component/ResistorSwitch.java	src/main/java/mods/eln/sim/mna/component/ResistorSwitch.java	src/main/java/mods/eln/sim/mna/component/ResistorSwitch.java
mods/eln/sim/mna/component/Transformer	NOCRIB	src/main/java/mods/eln/sim/mna/component/Transformer.java	src/main/java/mods/eln/sim/mna/component/Transformer.java	src/main/java/mods/eln/sim/mna/component/Transformer.java
mods/eln/sim/mna/component/VoltageSource	REPLAY	src/main/java/mods/eln/sim/mna/component/VoltageSource.java	src/main/java/mods/eln/sim/mna/component/VoltageSource.java	src/main/java/mods/eln/sim/mna/component/VoltageSource.java
mods/eln/sim/mna/misc/IDestructor	ASIS	src/main/java/mods/eln/sim/mna/misc/IDestructor.java	src/main/java/mods/eln/sim/mna/misc/IDestructor.java	src/main/java/mods/eln/sim/mna/misc/IDestructor.java
mods/eln/sim/mna/misc/IRootSystemPreStepProcess	ASIS	src/main/java/mods/eln/sim/mna/misc/IRootSystemPreStepProcess.java	src/main/java/mods/eln/sim/mna/misc/IRootSystemPreStepProcess.java	src/main/java/mods/eln/sim/mna/misc/IRootSystemPreStepProcess.java
mods/eln/sim/mna/misc/ISubSystemProcessFlush	NOCRIB	src/main/java/mods/eln/sim/mna/misc/ISubSystemProcessFlush.java	src/main/java/mods/eln/sim/mna/misc/ISubSystemProcessFlush.java	src/main/java/mods/eln/sim/mna/misc/ISubSystemProcessFlush.java
mods/eln/sim/mna/misc/ISubSystemProcessI	NOCRIB	src/main/java/mods/eln/sim/mna/misc/ISubSystemProcessI.java	src/main/java/mods/eln/sim/mna/misc/ISubSystemProcessI.java	src/main/java/mods/eln/sim/mna/misc/ISubSystemProcessI.java
mods/eln/sim/mna/misc/MnaConst	NOCRIB	src/main/java/mods/eln/sim/mna/misc/MnaConst.java	src/main/java/mods/eln/sim/mna/misc/MnaConst.java	src/main/java/mods/eln/sim/mna/misc/MnaConst.java
mods/eln/sim/mna/process/PowerSourceBipole	REPLAY	src/main/java/mods/eln/sim/mna/process/PowerSourceBipole.java	src/main/java/mods/eln/sim/mna/process/PowerSourceBipole.java	src/main/java/mods/eln/sim/mna/process/PowerSourceBipole.java
mods/eln/sim/mna/process/TransformerInterSystemProcess	NOCRIB	src/main/java/mods/eln/sim/mna/process/TransformerInterSystemProcess.java	src/main/java/mods/eln/sim/mna/process/TransformerInterSystemProcess.java	src/main/java/mods/eln/sim/mna/process/TransformerInterSystemProcess.java
mods/eln/sim/mna/state/CurrentState	ASIS	src/main/java/mods/eln/sim/mna/state/CurrentState.java	src/main/java/mods/eln/sim/mna/state/CurrentState.java	src/main/java/mods/eln/sim/mna/state/CurrentState.java
mods/eln/sim/mna/state/State	NOCRIB	src/main/java/mods/eln/sim/mna/state/State.java	src/main/java/mods/eln/sim/mna/state/State.java	src/main/java/mods/eln/sim/mna/state/State.java
mods/eln/sim/mna/state/VoltageState	NOCRIB	src/main/java/mods/eln/sim/mna/state/VoltageState.java	src/main/java/mods/eln/sim/mna/state/VoltageState.java	src/main/java/mods/eln/sim/mna/state/VoltageState.java
mods/eln/sim/mna/state/VoltageStateLineReady	ASIS	src/main/java/mods/eln/sim/mna/state/VoltageStateLineReady.java	src/main/java/mods/eln/sim/mna/state/VoltageStateLineReady.java	src/main/java/mods/eln/sim/mna/state/VoltageStateLineReady.java
mods/eln/sim/nbt/NbtBatteryProcess	REPLAY	src/main/java/mods/eln/sim/nbt/NbtBatteryProcess.java	src/main/kotlin/mods/eln/sim/nbt/NbtBatteryProcess.kt	src/main/java/mods/eln/sim/nbt/NbtBatteryProcess.java
mods/eln/sim/nbt/NbtBatterySlowProcess	NOCRIB	src/main/java/mods/eln/sim/nbt/NbtBatterySlowProcess.java	src/main/kotlin/mods/eln/sim/nbt/NbtBatterySlowProcess.kt	src/main/java/mods/eln/sim/nbt/NbtBatterySlowProcess.java
mods/eln/sim/nbt/NbtElectricalGateInput	REPLAY	src/main/java/mods/eln/sim/nbt/NbtElectricalGateInput.java	src/main/java/mods/eln/sim/nbt/NbtElectricalGateInput.java	src/main/java/mods/eln/sim/nbt/NbtElectricalGateInput.java
mods/eln/sim/nbt/NbtElectricalGateInputOutput	REPLAY	src/main/java/mods/eln/sim/nbt/NbtElectricalGateInputOutput.java	src/main/java/mods/eln/sim/nbt/NbtElectricalGateInputOutput.java	src/main/java/mods/eln/sim/nbt/NbtElectricalGateInputOutput.java
mods/eln/sim/nbt/NbtElectricalGateOutput	REPLAY	src/main/java/mods/eln/sim/nbt/NbtElectricalGateOutput.java	src/main/java/mods/eln/sim/nbt/NbtElectricalGateOutput.java	src/main/java/mods/eln/sim/nbt/NbtElectricalGateOutput.java
mods/eln/sim/nbt/NbtElectricalGateOutputProcess	REPLAY	src/main/java/mods/eln/sim/nbt/NbtElectricalGateOutputProcess.java	src/main/java/mods/eln/sim/nbt/NbtElectricalGateOutputProcess.java	src/main/java/mods/eln/sim/nbt/NbtElectricalGateOutputProcess.java
mods/eln/sim/nbt/NbtElectricalLoad	REPLAY	src/main/java/mods/eln/sim/nbt/NbtElectricalLoad.java	src/main/java/mods/eln/sim/nbt/NbtElectricalLoad.java	src/main/java/mods/eln/sim/nbt/NbtElectricalLoad.java
mods/eln/sim/nbt/NbtFurnaceProcess	VERBATIM	src/main/java/mods/eln/sim/nbt/NbtFurnaceProcess.java	src/main/java/mods/eln/sim/nbt/NbtFurnaceProcess.java	src/main/java/mods/eln/sim/nbt/NbtFurnaceProcess.java
mods/eln/sim/nbt/NbtResistor	REPLAY	src/main/java/mods/eln/sim/nbt/NbtResistor.java	src/main/java/mods/eln/sim/nbt/NbtResistor.java	src/main/java/mods/eln/sim/nbt/NbtResistor.java
mods/eln/sim/nbt/NbtThermalLoad	REPLAY	src/main/java/mods/eln/sim/nbt/NbtThermalLoad.java	src/main/java/mods/eln/sim/nbt/NbtThermalLoad.java	src/main/java/mods/eln/sim/nbt/NbtThermalLoad.java
mods/eln/sim/process/destruct/BipoleVoltageWatchdog	NOCRIB	src/main/java/mods/eln/sim/process/destruct/BipoleVoltageWatchdog.java	src/main/kotlin/mods/eln/sim/process/destruct/BipoleVoltageWatchdog.kt	src/main/java/mods/eln/sim/process/destruct/BipoleVoltageWatchdog.java
mods/eln/sim/process/destruct/CableMelt	FRESH	-	src/main/kotlin/mods/eln/sim/process/destruct/CableMelt.kt	-
mods/eln/sim/process/destruct/DelayedDestruction	FRESH	-	src/main/kotlin/mods/eln/sim/process/destruct/DelayedDestruction.kt	-
mods/eln/sim/process/destruct/IDestructible	NOCRIB	src/main/java/mods/eln/sim/process/destruct/IDestructable.java	src/main/kotlin/mods/eln/sim/process/destruct/IDestructible.kt	src/main/java/mods/eln/sim/process/destruct/IDestructable.java
mods/eln/sim/process/destruct/ResistorCurrentWatchdog	FRESH	-	src/main/kotlin/mods/eln/sim/process/destruct/ResistorCurrentWatchdog.kt	-
mods/eln/sim/process/destruct/ResistorPowerWatchdog	NOCRIB	src/main/java/mods/eln/sim/process/destruct/ResistorPowerWatchdog.java	src/main/kotlin/mods/eln/sim/process/destruct/ResistorPowerWatchdog.kt	src/main/java/mods/eln/sim/process/destruct/ResistorPowerWatchdog.java
mods/eln/sim/process/destruct/ShaftSpeedWatchdog	FRESH	-	src/main/kotlin/mods/eln/sim/process/destruct/ShaftSpeedWatchdog.kt	-
mods/eln/sim/process/destruct/ThermalLoadWatchDog	NOCRIB	src/main/java/mods/eln/sim/process/destruct/ThermalLoadWatchDog.java	src/main/kotlin/mods/eln/sim/process/destruct/ThermalLoadWatchDog.kt	src/main/java/mods/eln/sim/process/destruct/ThermalLoadWatchDog.java
mods/eln/sim/process/destruct/ValueWatchdog	NOCRIB	src/main/java/mods/eln/sim/process/destruct/ValueWatchdog.java	src/main/kotlin/mods/eln/sim/process/destruct/ValueWatchdog.kt	src/main/java/mods/eln/sim/process/destruct/ValueWatchdog.java
mods/eln/sim/process/destruct/VoltageStateWatchDog	NOCRIB	src/main/java/mods/eln/sim/process/destruct/VoltageStateWatchDog.java	src/main/kotlin/mods/eln/sim/process/destruct/VoltageStateWatchDog.kt	src/main/java/mods/eln/sim/process/destruct/VoltageStateWatchDog.java
mods/eln/sim/process/destruct/WorldExplosion	REPLAY	src/main/java/mods/eln/sim/process/destruct/WorldExplosion.java	src/main/kotlin/mods/eln/sim/process/destruct/WorldExplosion.kt	src/main/java/mods/eln/sim/process/destruct/WorldExplosion.java
mods/eln/sim/process/heater/DiodeHeatThermalLoad	NOCRIB	src/main/java/mods/eln/sim/process/heater/DiodeHeatThermalLoad.java	src/main/java/mods/eln/sim/process/heater/DiodeHeatThermalLoad.java	src/main/java/mods/eln/sim/process/heater/DiodeHeatThermalLoad.java
mods/eln/sim/process/heater/ElectricalLoadHeatThermalLoad	NOCRIB	src/main/java/mods/eln/sim/process/heater/ElectricalLoadHeatThermalLoad.java	src/main/kotlin/mods/eln/sim/process/heater/ElectricalLoadHeatThermalLoad.kt	src/main/java/mods/eln/sim/process/heater/ElectricalLoadHeatThermalLoad.java
mods/eln/sim/process/heater/ResistorHeatThermalLoad	NOCRIB	src/main/java/mods/eln/sim/process/heater/ResistorHeatThermalLoad.java	src/main/java/mods/eln/sim/process/heater/ResistorHeatThermalLoad.java	src/main/java/mods/eln/sim/process/heater/ResistorHeatThermalLoad.java
mods/eln/simplenode/ConduitBlock	FRESH	-	src/main/kotlin/mods/eln/simplenode/ConduitBlock.kt	-
mods/eln/simplenode/DeviceProbe	FRESH	-	src/main/kotlin/mods/eln/simplenode/DeviceProbe.kt	-
mods/eln/simplenode/computerprobe/ComputerProbeBlock	REPLAY	src/main/java/mods/eln/simplenode/computerprobe/ComputerProbeBlock.java	src/main/kotlin/mods/eln/simplenode/computerprobe/ComputerProbeBlock.kt	src/main/java/mods/eln/simplenode/computerprobe/ComputerProbeBlock.java
mods/eln/simplenode/computerprobe/ComputerProbeEntity	REPLAY	src/main/java/mods/eln/simplenode/computerprobe/ComputerProbeEntity.java	src/main/kotlin/mods/eln/simplenode/computerprobe/ComputerProbeEntity.kt	src/main/java/mods/eln/simplenode/computerprobe/ComputerProbeEntity.java
mods/eln/simplenode/computerprobe/ComputerProbeNode	REPLAY	src/main/java/mods/eln/simplenode/computerprobe/ComputerProbeNode.java	src/main/kotlin/mods/eln/simplenode/computerprobe/ComputerProbeNode.kt	src/main/java/mods/eln/simplenode/computerprobe/ComputerProbeNode.java
mods/eln/simplenode/energyconverter/EnergyConverterElnToOtherBlock	REPLAY	src/main/java/mods/eln/simplenode/energyconverter/EnergyConverterElnToOtherBlock.java	src/main/kotlin/mods/eln/simplenode/energyconverter/EnergyConverterElnToOtherBlock.kt	src/main/java/mods/eln/simplenode/energyconverter/EnergyConverterElnToOtherBlock.java
mods/eln/simplenode/energyconverter/EnergyConverterElnToOtherDescriptor	NOCRIB	src/main/java/mods/eln/simplenode/energyconverter/EnergyConverterElnToOtherDescriptor.java	src/main/kotlin/mods/eln/simplenode/energyconverter/EnergyConverterElnToOtherDescriptor.kt	src/main/java/mods/eln/simplenode/energyconverter/EnergyConverterElnToOtherDescriptor.java
mods/eln/simplenode/energyconverter/EnergyConverterElnToOtherEntity	REPLAY	src/main/java/mods/eln/simplenode/energyconverter/EnergyConverterElnToOtherEntity.java	src/main/kotlin/mods/eln/simplenode/energyconverter/EnergyConverterElnToOtherEntity.kt	src/main/java/mods/eln/simplenode/energyconverter/EnergyConverterElnToOtherEntity.java
mods/eln/simplenode/energyconverter/EnergyConverterElnToOtherFireWallIc2	REPLAY	src/main/java/mods/eln/simplenode/energyconverter/EnergyConverterElnToOtherFireWallIc2.java	src/main/kotlin/mods/eln/simplenode/energyconverter/EnergyConverterElnToOtherFireWallIc2.kt	src/main/java/mods/eln/simplenode/energyconverter/EnergyConverterElnToOtherFireWallIc2.java
mods/eln/simplenode/energyconverter/EnergyConverterElnToOtherFireWallOc	REPLAY	src/main/java/mods/eln/simplenode/energyconverter/EnergyConverterElnToOtherFireWallOc.java	src/main/kotlin/mods/eln/simplenode/energyconverter/EnergyConverterElnToOtherFireWallOc.kt	src/main/java/mods/eln/simplenode/energyconverter/EnergyConverterElnToOtherFireWallOc.java
mods/eln/simplenode/energyconverter/EnergyConverterElnToOtherFireWallRf	REPLAY	src/main/java/mods/eln/simplenode/energyconverter/EnergyConverterElnToOtherFireWallRf.java	src/main/kotlin/mods/eln/simplenode/energyconverter/EnergyConverterElnToOtherFireWallRf.kt	src/main/java/mods/eln/simplenode/energyconverter/EnergyConverterElnToOtherFireWallRf.java
mods/eln/simplenode/energyconverter/EnergyConverterElnToOtherGui	REPLAY	src/main/java/mods/eln/simplenode/energyconverter/EnergyConverterElnToOtherGui.java	src/main/kotlin/mods/eln/simplenode/energyconverter/EnergyConverterElnToOtherGui.kt	src/main/java/mods/eln/simplenode/energyconverter/EnergyConverterElnToOtherGui.java
mods/eln/simplenode/energyconverter/EnergyConverterElnToOtherNode	REPLAY	src/main/java/mods/eln/simplenode/energyconverter/EnergyConverterElnToOtherNode.java	src/main/kotlin/mods/eln/simplenode/energyconverter/EnergyConverterElnToOtherNode.kt	src/main/java/mods/eln/simplenode/energyconverter/EnergyConverterElnToOtherNode.java
mods/eln/simplenode/test/TestBlock	REPLAY	src/main/java/mods/eln/simplenode/test/TestBlock.java	src/main/kotlin/mods/eln/simplenode/test/TestBlock.kt	src/main/java/mods/eln/simplenode/test/TestBlock.java
mods/eln/simplenode/test/TestEntity	REPLAY	src/main/java/mods/eln/simplenode/test/TestEntity.java	src/main/kotlin/mods/eln/simplenode/test/TestEntity.kt	src/main/java/mods/eln/simplenode/test/TestEntity.java
mods/eln/simplenode/test/TestNode	NOCRIB	src/main/java/mods/eln/simplenode/test/TestNode.java	src/main/kotlin/mods/eln/simplenode/test/TestNode.kt	src/main/java/mods/eln/simplenode/test/TestNode.java
mods/eln/sixnode/AnalogChips	REPLAY	src/main/java/mods/eln/sixnode/AnalogChips.kt	src/main/kotlin/mods/eln/sixnode/AnalogChips.kt	src/main/java/mods/eln/sixnode/AnalogChips.kt
mods/eln/sixnode/ConduitCableDescriptor	FRESH	-	src/main/kotlin/mods/eln/sixnode/ConduitCableDescriptor.kt	-
mods/eln/sixnode/CreativePassiveSix	FRESH	-	src/main/kotlin/mods/eln/sixnode/CreativePassiveSix.kt	-
mods/eln/sixnode/CurrentSourceSix	FRESH	-	src/main/kotlin/mods/eln/sixnode/CurrentSourceSix.kt	-
mods/eln/sixnode/ElectricalFuse	REPLAY	src/main/java/mods/eln/sixnode/ElectricalFuse.kt	src/main/kotlin/mods/eln/sixnode/ElectricalFuse.kt	src/main/java/mods/eln/sixnode/ElectricalFuse.kt
mods/eln/sixnode/ElectricalVuMeter	FRESH	-	src/main/kotlin/mods/eln/sixnode/ElectricalVuMeter.kt	-
mods/eln/sixnode/EmergencyLamp	REPLAY	src/main/java/mods/eln/sixnode/EmergencyLamp.kt	src/main/kotlin/mods/eln/sixnode/EmergencyLamp.kt	src/main/java/mods/eln/sixnode/EmergencyLamp.kt
mods/eln/sixnode/LogicGate	REPLAY	src/main/java/mods/eln/sixnode/LogicGate.kt	src/main/kotlin/mods/eln/sixnode/LogicGate.kt	src/main/java/mods/eln/sixnode/LogicGate.kt
mods/eln/sixnode/PortableNaN	FRESH	-	src/main/kotlin/mods/eln/sixnode/PortableNaN.kt	-
mods/eln/sixnode/PowerCapacitor	FRESH	-	src/main/kotlin/mods/eln/sixnode/PowerCapacitor.kt	-
mods/eln/sixnode/PowerInductorSix	FRESH	-	src/main/kotlin/mods/eln/sixnode/PowerInductorSix.kt	-
mods/eln/sixnode/PowerSinkSix	FRESH	-	src/main/kotlin/mods/eln/sixnode/PowerSinkSix.kt	-
mods/eln/sixnode/PowerSourceSix	FRESH	-	src/main/kotlin/mods/eln/sixnode/PowerSourceSix.kt	-
mods/eln/sixnode/RegulatorChips	FRESH	-	src/main/kotlin/mods/eln/sixnode/RegulatorChips.kt	-
mods/eln/sixnode/Scanner	REPLAY	src/main/java/mods/eln/sixnode/Scanner.kt	src/main/kotlin/mods/eln/sixnode/Scanner.kt	src/main/java/mods/eln/sixnode/Scanner.kt
mods/eln/sixnode/TreeResinCollector/TreeResinCollectorBlock	REPLAY	src/main/java/mods/eln/sixnode/TreeResinCollector/TreeResinCollectorBlock.java	src/main/java/mods/eln/sixnode/TreeResinCollector/TreeResinCollectorBlock.java	src/main/java/mods/eln/sixnode/TreeResinCollector/TreeResinCollectorBlock.java
mods/eln/sixnode/TreeResinCollector/TreeResinCollectorDescriptor	REPLAY	src/main/java/mods/eln/sixnode/TreeResinCollector/TreeResinCollectorDescriptor.java	src/main/java/mods/eln/sixnode/TreeResinCollector/TreeResinCollectorDescriptor.java	src/main/java/mods/eln/sixnode/TreeResinCollector/TreeResinCollectorDescriptor.java
mods/eln/sixnode/TreeResinCollector/TreeResinCollectorElement	REPLAY	src/main/java/mods/eln/sixnode/TreeResinCollector/TreeResinCollectorElement.java	src/main/java/mods/eln/sixnode/TreeResinCollector/TreeResinCollectorElement.java	src/main/java/mods/eln/sixnode/TreeResinCollector/TreeResinCollectorElement.java
mods/eln/sixnode/TreeResinCollector/TreeResinCollectorRender	ASIS	src/main/java/mods/eln/sixnode/TreeResinCollector/TreeResinCollectorRender.java	src/main/java/mods/eln/sixnode/TreeResinCollector/TreeResinCollectorRender.java	src/main/java/mods/eln/sixnode/TreeResinCollector/TreeResinCollectorRender.java
mods/eln/sixnode/TreeResinCollector/TreeResinCollectorTileEntity	REPLAY	src/main/java/mods/eln/sixnode/TreeResinCollector/TreeResinCollectorTileEntity.java	src/main/java/mods/eln/sixnode/TreeResinCollector/TreeResinCollectorTileEntity.java	src/main/java/mods/eln/sixnode/TreeResinCollector/TreeResinCollectorTileEntity.java
mods/eln/sixnode/VariableInductorSix	FRESH	-	src/main/kotlin/mods/eln/sixnode/VariableInductorSix.kt	-
mods/eln/sixnode/batterycharger/BatteryChargerContainer	ASIS	src/main/java/mods/eln/sixnode/batterycharger/BatteryChargerContainer.java	src/main/java/mods/eln/sixnode/batterycharger/BatteryChargerContainer.java	src/main/java/mods/eln/sixnode/batterycharger/BatteryChargerContainer.java
mods/eln/sixnode/batterycharger/BatteryChargerDescriptor	REPLAY	src/main/java/mods/eln/sixnode/batterycharger/BatteryChargerDescriptor.java	src/main/java/mods/eln/sixnode/batterycharger/BatteryChargerDescriptor.java	src/main/java/mods/eln/sixnode/batterycharger/BatteryChargerDescriptor.java
mods/eln/sixnode/batterycharger/BatteryChargerElement	REPLAY	src/main/java/mods/eln/sixnode/batterycharger/BatteryChargerElement.java	src/main/java/mods/eln/sixnode/batterycharger/BatteryChargerElement.java	src/main/java/mods/eln/sixnode/batterycharger/BatteryChargerElement.java
mods/eln/sixnode/batterycharger/BatteryChargerGui	ASIS	src/main/java/mods/eln/sixnode/batterycharger/BatteryChargerGui.java	src/main/java/mods/eln/sixnode/batterycharger/BatteryChargerGui.java	src/main/java/mods/eln/sixnode/batterycharger/BatteryChargerGui.java
mods/eln/sixnode/batterycharger/BatteryChargerRender	REPLAY	src/main/java/mods/eln/sixnode/batterycharger/BatteryChargerRender.java	src/main/java/mods/eln/sixnode/batterycharger/BatteryChargerRender.java	src/main/java/mods/eln/sixnode/batterycharger/BatteryChargerRender.java
mods/eln/sixnode/currentcable/CurrentCable	FRESH	-	src/main/kotlin/mods/eln/sixnode/currentcable/CurrentCable.kt	-
mods/eln/sixnode/currentrelay/CurrentRelay	FRESH	-	src/main/kotlin/mods/eln/sixnode/currentrelay/CurrentRelay.kt	-
mods/eln/sixnode/diode/DiodeDescriptor	REPLAY	src/main/java/mods/eln/sixnode/diode/DiodeDescriptor.java	src/main/java/mods/eln/sixnode/diode/DiodeDescriptor.java	src/main/java/mods/eln/sixnode/diode/DiodeDescriptor.java
mods/eln/sixnode/diode/DiodeElement	REPLAY	src/main/java/mods/eln/sixnode/diode/DiodeElement.java	src/main/java/mods/eln/sixnode/diode/DiodeElement.java	src/main/java/mods/eln/sixnode/diode/DiodeElement.java
mods/eln/sixnode/diode/DiodeFastProcess	ASIS	src/main/java/mods/eln/sixnode/diode/DiodeFastProcess.java	src/main/java/mods/eln/sixnode/diode/DiodeFastProcess.java	src/main/java/mods/eln/sixnode/diode/DiodeFastProcess.java
mods/eln/sixnode/diode/DiodeRender	ASIS	src/main/java/mods/eln/sixnode/diode/DiodeRender.java	src/main/java/mods/eln/sixnode/diode/DiodeRender.java	src/main/java/mods/eln/sixnode/diode/DiodeRender.java
mods/eln/sixnode/electricalalarm/ElectricalAlarmDescriptor	REPLAY	src/main/java/mods/eln/sixnode/electricalalarm/ElectricalAlarmDescriptor.java	src/main/java/mods/eln/sixnode/electricalalarm/ElectricalAlarmDescriptor.java	src/main/java/mods/eln/sixnode/electricalalarm/ElectricalAlarmDescriptor.java
mods/eln/sixnode/electricalalarm/ElectricalAlarmElement	REPLAY	src/main/java/mods/eln/sixnode/electricalalarm/ElectricalAlarmElement.java	src/main/java/mods/eln/sixnode/electricalalarm/ElectricalAlarmElement.java	src/main/java/mods/eln/sixnode/electricalalarm/ElectricalAlarmElement.java
mods/eln/sixnode/electricalalarm/ElectricalAlarmGui	ASIS	src/main/java/mods/eln/sixnode/electricalalarm/ElectricalAlarmGui.java	src/main/java/mods/eln/sixnode/electricalalarm/ElectricalAlarmGui.java	src/main/java/mods/eln/sixnode/electricalalarm/ElectricalAlarmGui.java
mods/eln/sixnode/electricalalarm/ElectricalAlarmRender	REPLAY	src/main/java/mods/eln/sixnode/electricalalarm/ElectricalAlarmRender.java	src/main/java/mods/eln/sixnode/electricalalarm/ElectricalAlarmRender.java	src/main/java/mods/eln/sixnode/electricalalarm/ElectricalAlarmRender.java
mods/eln/sixnode/electricalalarm/ElectricalAlarmSlowProcess	REPLAY	src/main/java/mods/eln/sixnode/electricalalarm/ElectricalAlarmSlowProcess.java	src/main/java/mods/eln/sixnode/electricalalarm/ElectricalAlarmSlowProcess.java	src/main/java/mods/eln/sixnode/electricalalarm/ElectricalAlarmSlowProcess.java
mods/eln/sixnode/electricalbreaker/ElectricalBreakerContainer	NOCRIB	src/main/java/mods/eln/sixnode/electricalbreaker/ElectricalBreakerContainer.java	src/main/java/mods/eln/sixnode/electricalbreaker/ElectricalBreakerContainer.java	src/main/java/mods/eln/sixnode/electricalbreaker/ElectricalBreakerContainer.java
mods/eln/sixnode/electricalbreaker/ElectricalBreakerCutProcess	REPLAY	src/main/java/mods/eln/sixnode/electricalbreaker/ElectricalBreakerCutProcess.java	src/main/java/mods/eln/sixnode/electricalbreaker/ElectricalBreakerCutProcess.java	src/main/java/mods/eln/sixnode/electricalbreaker/ElectricalBreakerCutProcess.java
mods/eln/sixnode/electricalbreaker/ElectricalBreakerDescriptor	REPLAY	src/main/java/mods/eln/sixnode/electricalbreaker/ElectricalBreakerDescriptor.java	src/main/java/mods/eln/sixnode/electricalbreaker/ElectricalBreakerDescriptor.java	src/main/java/mods/eln/sixnode/electricalbreaker/ElectricalBreakerDescriptor.java
mods/eln/sixnode/electricalbreaker/ElectricalBreakerElement	REPLAY	src/main/java/mods/eln/sixnode/electricalbreaker/ElectricalBreakerElement.java	src/main/java/mods/eln/sixnode/electricalbreaker/ElectricalBreakerElement.java	src/main/java/mods/eln/sixnode/electricalbreaker/ElectricalBreakerElement.java
mods/eln/sixnode/electricalbreaker/ElectricalBreakerGui	NOCRIB	src/main/java/mods/eln/sixnode/electricalbreaker/ElectricalBreakerGui.java	src/main/java/mods/eln/sixnode/electricalbreaker/ElectricalBreakerGui.java	src/main/java/mods/eln/sixnode/electricalbreaker/ElectricalBreakerGui.java
mods/eln/sixnode/electricalbreaker/ElectricalBreakerRender	NOCRIB	src/main/java/mods/eln/sixnode/electricalbreaker/ElectricalBreakerRender.java	src/main/java/mods/eln/sixnode/electricalbreaker/ElectricalBreakerRender.java	src/main/java/mods/eln/sixnode/electricalbreaker/ElectricalBreakerRender.java
mods/eln/sixnode/electricalcable/ElectricalCableDescriptor	REPLAY	src/main/java/mods/eln/sixnode/electricalcable/ElectricalCableDescriptor.java	src/main/java/mods/eln/sixnode/electricalcable/ElectricalCableDescriptor.java	src/main/java/mods/eln/sixnode/electricalcable/ElectricalCableDescriptor.java
mods/eln/sixnode/electricalcable/ElectricalCableElement	REPLAY	src/main/java/mods/eln/sixnode/electricalcable/ElectricalCableElement.java	src/main/java/mods/eln/sixnode/electricalcable/ElectricalCableElement.java	src/main/java/mods/eln/sixnode/electricalcable/ElectricalCableElement.java
mods/eln/sixnode/electricalcable/ElectricalCableRender	REPLAY	src/main/java/mods/eln/sixnode/electricalcable/ElectricalCableRender.java	src/main/java/mods/eln/sixnode/electricalcable/ElectricalCableRender.java	src/main/java/mods/eln/sixnode/electricalcable/ElectricalCableRender.java
mods/eln/sixnode/electricalcable/ElectricalSignalBusCableElement	FRESH	-	src/main/kotlin/mods/eln/sixnode/electricalcable/ElectricalSignalBusCableElement.kt	-
mods/eln/sixnode/electricalcable/MoltenMetalPile	FRESH	-	src/main/kotlin/mods/eln/sixnode/electricalcable/MoltenMetalPile.kt	-
mods/eln/sixnode/electricalcable/UtilityCable	FRESH	-	src/main/kotlin/mods/eln/sixnode/electricalcable/UtilityCable.kt	-
mods/eln/sixnode/electricaldatalogger/DataLogs	REPLAY	src/main/java/mods/eln/sixnode/electricaldatalogger/DataLogs.java	src/main/java/mods/eln/sixnode/electricaldatalogger/DataLogs.java	src/main/java/mods/eln/sixnode/electricaldatalogger/DataLogs.java
mods/eln/sixnode/electricaldatalogger/DataLogsPrintDescriptor	REPLAY	src/main/java/mods/eln/sixnode/electricaldatalogger/DataLogsPrintDescriptor.java	src/main/java/mods/eln/sixnode/electricaldatalogger/DataLogsPrintDescriptor.java	src/main/java/mods/eln/sixnode/electricaldatalogger/DataLogsPrintDescriptor.java
mods/eln/sixnode/electricaldatalogger/ElectricalDataLoggerContainer	REPLAY	src/main/java/mods/eln/sixnode/electricaldatalogger/ElectricalDataLoggerContainer.java	src/main/java/mods/eln/sixnode/electricaldatalogger/ElectricalDataLoggerContainer.java	src/main/java/mods/eln/sixnode/electricaldatalogger/ElectricalDataLoggerContainer.java
mods/eln/sixnode/electricaldatalogger/ElectricalDataLoggerDescriptor	REPLAY	src/main/java/mods/eln/sixnode/electricaldatalogger/ElectricalDataLoggerDescriptor.java	src/main/java/mods/eln/sixnode/electricaldatalogger/ElectricalDataLoggerDescriptor.java	src/main/java/mods/eln/sixnode/electricaldatalogger/ElectricalDataLoggerDescriptor.java
mods/eln/sixnode/electricaldatalogger/ElectricalDataLoggerElement	REPLAY	src/main/java/mods/eln/sixnode/electricaldatalogger/ElectricalDataLoggerElement.java	src/main/java/mods/eln/sixnode/electricaldatalogger/ElectricalDataLoggerElement.java	src/main/java/mods/eln/sixnode/electricaldatalogger/ElectricalDataLoggerElement.java
mods/eln/sixnode/electricaldatalogger/ElectricalDataLoggerGui	REPLAY	src/main/java/mods/eln/sixnode/electricaldatalogger/ElectricalDataLoggerGui.java	src/main/java/mods/eln/sixnode/electricaldatalogger/ElectricalDataLoggerGui.java	src/main/java/mods/eln/sixnode/electricaldatalogger/ElectricalDataLoggerGui.java
mods/eln/sixnode/electricaldatalogger/ElectricalDataLoggerProcess	REPLAY	src/main/java/mods/eln/sixnode/electricaldatalogger/ElectricalDataLoggerProcess.java	src/main/java/mods/eln/sixnode/electricaldatalogger/ElectricalDataLoggerProcess.java	src/main/java/mods/eln/sixnode/electricaldatalogger/ElectricalDataLoggerProcess.java
mods/eln/sixnode/electricaldatalogger/ElectricalDataLoggerRender	REPLAY	src/main/java/mods/eln/sixnode/electricaldatalogger/ElectricalDataLoggerRender.java	src/main/java/mods/eln/sixnode/electricaldatalogger/ElectricalDataLoggerRender.java	src/main/java/mods/eln/sixnode/electricaldatalogger/ElectricalDataLoggerRender.java
mods/eln/sixnode/electricaldigitaldisplay/ElectricalDigitalDisplayDescriptor	FRESH	-	src/main/java/mods/eln/sixnode/electricaldigitaldisplay/ElectricalDigitalDisplayDescriptor.java	-
mods/eln/sixnode/electricaldigitaldisplay/ElectricalDigitalDisplayElement	FRESH	-	src/main/java/mods/eln/sixnode/electricaldigitaldisplay/ElectricalDigitalDisplayElement.java	-
mods/eln/sixnode/electricaldigitaldisplay/ElectricalDigitalDisplayGui	FRESH	-	src/main/java/mods/eln/sixnode/electricaldigitaldisplay/ElectricalDigitalDisplayGui.java	-
mods/eln/sixnode/electricaldigitaldisplay/ElectricalDigitalDisplayProcess	FRESH	-	src/main/java/mods/eln/sixnode/electricaldigitaldisplay/ElectricalDigitalDisplayProcess.java	-
mods/eln/sixnode/electricaldigitaldisplay/ElectricalDigitalDisplayRender	FRESH	-	src/main/java/mods/eln/sixnode/electricaldigitaldisplay/ElectricalDigitalDisplayRender.java	-
mods/eln/sixnode/electricalentitysensor/ElectricalEntitySensorContainer	VERBATIM	src/main/java/mods/eln/sixnode/electricalentitysensor/ElectricalEntitySensorContainer.java	src/main/java/mods/eln/sixnode/electricalentitysensor/ElectricalEntitySensorContainer.java	src/main/java/mods/eln/sixnode/electricalentitysensor/ElectricalEntitySensorContainer.java
mods/eln/sixnode/electricalentitysensor/ElectricalEntitySensorDescriptor	REPLAY	src/main/java/mods/eln/sixnode/electricalentitysensor/ElectricalEntitySensorDescriptor.java	src/main/java/mods/eln/sixnode/electricalentitysensor/ElectricalEntitySensorDescriptor.java	src/main/java/mods/eln/sixnode/electricalentitysensor/ElectricalEntitySensorDescriptor.java
mods/eln/sixnode/electricalentitysensor/ElectricalEntitySensorElement	REPLAY	src/main/java/mods/eln/sixnode/electricalentitysensor/ElectricalEntitySensorElement.java	src/main/java/mods/eln/sixnode/electricalentitysensor/ElectricalEntitySensorElement.java	src/main/java/mods/eln/sixnode/electricalentitysensor/ElectricalEntitySensorElement.java
mods/eln/sixnode/electricalentitysensor/ElectricalEntitySensorGui	ASIS	src/main/java/mods/eln/sixnode/electricalentitysensor/ElectricalEntitySensorGui.java	src/main/java/mods/eln/sixnode/electricalentitysensor/ElectricalEntitySensorGui.java	src/main/java/mods/eln/sixnode/electricalentitysensor/ElectricalEntitySensorGui.java
mods/eln/sixnode/electricalentitysensor/ElectricalEntitySensorRender	REPLAY	src/main/java/mods/eln/sixnode/electricalentitysensor/ElectricalEntitySensorRender.java	src/main/java/mods/eln/sixnode/electricalentitysensor/ElectricalEntitySensorRender.java	src/main/java/mods/eln/sixnode/electricalentitysensor/ElectricalEntitySensorRender.java
mods/eln/sixnode/electricalentitysensor/ElectricalEntitySensorSlowProcess	REPLAY	src/main/java/mods/eln/sixnode/electricalentitysensor/ElectricalEntitySensorSlowProcess.java	src/main/java/mods/eln/sixnode/electricalentitysensor/ElectricalEntitySensorSlowProcess.java	src/main/java/mods/eln/sixnode/electricalentitysensor/ElectricalEntitySensorSlowProcess.java
mods/eln/sixnode/electricalfiredetector/ElectricalFireDetectorContainer	NOCRIB	src/main/java/mods/eln/sixnode/electricalfiredetector/ElectricalFireDetectorContainer.kt	src/main/kotlin/mods/eln/sixnode/electricalfiredetector/ElectricalFireDetectorContainer.kt	src/main/java/mods/eln/sixnode/electricalfiredetector/ElectricalFireDetectorContainer.kt
mods/eln/sixnode/electricalfiredetector/ElectricalFireDetectorDescriptor	REPLAY	src/main/java/mods/eln/sixnode/electricalfiredetector/ElectricalFireDetectorDescriptor.java	src/main/java/mods/eln/sixnode/electricalfiredetector/ElectricalFireDetectorDescriptor.java	src/main/java/mods/eln/sixnode/electricalfiredetector/ElectricalFireDetectorDescriptor.java
mods/eln/sixnode/electricalfiredetector/ElectricalFireDetectorElement	REPLAY	src/main/java/mods/eln/sixnode/electricalfiredetector/ElectricalFireDetectorElement.java	src/main/java/mods/eln/sixnode/electricalfiredetector/ElectricalFireDetectorElement.java	src/main/java/mods/eln/sixnode/electricalfiredetector/ElectricalFireDetectorElement.java
mods/eln/sixnode/electricalfiredetector/ElectricalFireDetectorGui	NOCRIB	src/main/java/mods/eln/sixnode/electricalfiredetector/ElectricalFireDetectorGui.kt	src/main/kotlin/mods/eln/sixnode/electricalfiredetector/ElectricalFireDetectorGui.kt	src/main/java/mods/eln/sixnode/electricalfiredetector/ElectricalFireDetectorGui.kt
mods/eln/sixnode/electricalfiredetector/ElectricalFireDetectorRender	REPLAY	src/main/java/mods/eln/sixnode/electricalfiredetector/ElectricalFireDetectorRender.kt	src/main/kotlin/mods/eln/sixnode/electricalfiredetector/ElectricalFireDetectorRender.kt	src/main/java/mods/eln/sixnode/electricalfiredetector/ElectricalFireDetectorRender.kt
mods/eln/sixnode/electricalfiredetector/ElectricalFireDetectorSlowProcess	REPLAY	src/main/java/mods/eln/sixnode/electricalfiredetector/ElectricalFireDetectorSlowProcess.java	src/main/java/mods/eln/sixnode/electricalfiredetector/ElectricalFireDetectorSlowProcess.java	src/main/java/mods/eln/sixnode/electricalfiredetector/ElectricalFireDetectorSlowProcess.java
mods/eln/sixnode/electricalgatesource/ElectricalGateSourceDescriptor	REPLAY	src/main/java/mods/eln/sixnode/electricalgatesource/ElectricalGateSourceDescriptor.java	src/main/java/mods/eln/sixnode/electricalgatesource/ElectricalGateSourceDescriptor.java	src/main/java/mods/eln/sixnode/electricalgatesource/ElectricalGateSourceDescriptor.java
mods/eln/sixnode/electricalgatesource/ElectricalGateSourceElement	REPLAY	src/main/java/mods/eln/sixnode/electricalgatesource/ElectricalGateSourceElement.java	src/main/java/mods/eln/sixnode/electricalgatesource/ElectricalGateSourceElement.java	src/main/java/mods/eln/sixnode/electricalgatesource/ElectricalGateSourceElement.java
mods/eln/sixnode/electricalgatesource/ElectricalGateSourceGui	REPLAY	src/main/java/mods/eln/sixnode/electricalgatesource/ElectricalGateSourceGui.java	src/main/java/mods/eln/sixnode/electricalgatesource/ElectricalGateSourceGui.java	src/main/java/mods/eln/sixnode/electricalgatesource/ElectricalGateSourceGui.java
mods/eln/sixnode/electricalgatesource/ElectricalGateSourceRender	REPLAY	src/main/java/mods/eln/sixnode/electricalgatesource/ElectricalGateSourceRender.java	src/main/java/mods/eln/sixnode/electricalgatesource/ElectricalGateSourceRender.java	src/main/java/mods/eln/sixnode/electricalgatesource/ElectricalGateSourceRender.java
mods/eln/sixnode/electricalgatesource/ElectricalGateSourceRenderObj	ASIS	src/main/java/mods/eln/sixnode/electricalgatesource/ElectricalGateSourceRenderObj.java	src/main/java/mods/eln/sixnode/electricalgatesource/ElectricalGateSourceRenderObj.java	src/main/java/mods/eln/sixnode/electricalgatesource/ElectricalGateSourceRenderObj.java
mods/eln/sixnode/electricalhumiditysensor/ElectricalHumiditySensorDescriptor	FRESH	-	src/main/kotlin/mods/eln/sixnode/electricalhumiditysensor/ElectricalHumiditySensorDescriptor.kt	-
mods/eln/sixnode/electricalhumiditysensor/ElectricalHumiditySensorElement	FRESH	-	src/main/kotlin/mods/eln/sixnode/electricalhumiditysensor/ElectricalHumiditySensorElement.kt	-
mods/eln/sixnode/electricalhumiditysensor/ElectricalHumiditySensorRender	FRESH	-	src/main/kotlin/mods/eln/sixnode/electricalhumiditysensor/ElectricalHumiditySensorRender.kt	-
mods/eln/sixnode/electricalhumiditysensor/ElectricalHumiditySensorSlowProcess	FRESH	-	src/main/kotlin/mods/eln/sixnode/electricalhumiditysensor/ElectricalHumiditySensorSlowProcess.kt	-
mods/eln/sixnode/electricallightsensor/ElectricalLightSensorDescriptor	REPLAY	src/main/java/mods/eln/sixnode/electricallightsensor/ElectricalLightSensorDescriptor.java	src/main/java/mods/eln/sixnode/electricallightsensor/ElectricalLightSensorDescriptor.java	src/main/java/mods/eln/sixnode/electricallightsensor/ElectricalLightSensorDescriptor.java
mods/eln/sixnode/electricallightsensor/ElectricalLightSensorElement	REPLAY	src/main/java/mods/eln/sixnode/electricallightsensor/ElectricalLightSensorElement.java	src/main/java/mods/eln/sixnode/electricallightsensor/ElectricalLightSensorElement.java	src/main/java/mods/eln/sixnode/electricallightsensor/ElectricalLightSensorElement.java
mods/eln/sixnode/electricallightsensor/ElectricalLightSensorRender	VERBATIM	src/main/java/mods/eln/sixnode/electricallightsensor/ElectricalLightSensorRender.java	src/main/java/mods/eln/sixnode/electricallightsensor/ElectricalLightSensorRender.java	src/main/java/mods/eln/sixnode/electricallightsensor/ElectricalLightSensorRender.java
mods/eln/sixnode/electricallightsensor/ElectricalLightSensorSlowProcess	REPLAY	src/main/java/mods/eln/sixnode/electricallightsensor/ElectricalLightSensorSlowProcess.java	src/main/java/mods/eln/sixnode/electricallightsensor/ElectricalLightSensorSlowProcess.java	src/main/java/mods/eln/sixnode/electricallightsensor/ElectricalLightSensorSlowProcess.java
mods/eln/sixnode/electricalmath/ElectricalMathContainer	REPLAY	src/main/java/mods/eln/sixnode/electricalmath/ElectricalMathContainer.java	src/main/java/mods/eln/sixnode/electricalmath/ElectricalMathContainer.java	src/main/java/mods/eln/sixnode/electricalmath/ElectricalMathContainer.java
mods/eln/sixnode/electricalmath/ElectricalMathDescriptor	REPLAY	src/main/java/mods/eln/sixnode/electricalmath/ElectricalMathDescriptor.java	src/main/java/mods/eln/sixnode/electricalmath/ElectricalMathDescriptor.java	src/main/java/mods/eln/sixnode/electricalmath/ElectricalMathDescriptor.java
mods/eln/sixnode/electricalmath/ElectricalMathElement	REPLAY	src/main/java/mods/eln/sixnode/electricalmath/ElectricalMathElement.java	src/main/java/mods/eln/sixnode/electricalmath/ElectricalMathElement.java	src/main/java/mods/eln/sixnode/electricalmath/ElectricalMathElement.java
mods/eln/sixnode/electricalmath/ElectricalMathGui	REPLAY	src/main/java/mods/eln/sixnode/electricalmath/ElectricalMathGui.java	src/main/java/mods/eln/sixnode/electricalmath/ElectricalMathGui.java	src/main/java/mods/eln/sixnode/electricalmath/ElectricalMathGui.java
mods/eln/sixnode/electricalmath/ElectricalMathRender	REPLAY	src/main/java/mods/eln/sixnode/electricalmath/ElectricalMathRender.java	src/main/java/mods/eln/sixnode/electricalmath/ElectricalMathRender.java	src/main/java/mods/eln/sixnode/electricalmath/ElectricalMathRender.java
mods/eln/sixnode/electricalredstoneinput/ElectricalRedstoneInputDescriptor	REPLAY	src/main/java/mods/eln/sixnode/electricalredstoneinput/ElectricalRedstoneInputDescriptor.java	src/main/java/mods/eln/sixnode/electricalredstoneinput/ElectricalRedstoneInputDescriptor.java	src/main/java/mods/eln/sixnode/electricalredstoneinput/ElectricalRedstoneInputDescriptor.java
mods/eln/sixnode/electricalredstoneinput/ElectricalRedstoneInputElement	REPLAY	src/main/java/mods/eln/sixnode/electricalredstoneinput/ElectricalRedstoneInputElement.java	src/main/java/mods/eln/sixnode/electricalredstoneinput/ElectricalRedstoneInputElement.java	src/main/java/mods/eln/sixnode/electricalredstoneinput/ElectricalRedstoneInputElement.java
mods/eln/sixnode/electricalredstoneinput/ElectricalRedstoneInputRender	VERBATIM	src/main/java/mods/eln/sixnode/electricalredstoneinput/ElectricalRedstoneInputRender.java	src/main/java/mods/eln/sixnode/electricalredstoneinput/ElectricalRedstoneInputRender.java	src/main/java/mods/eln/sixnode/electricalredstoneinput/ElectricalRedstoneInputRender.java
mods/eln/sixnode/electricalredstoneinput/ElectricalRedstoneInputSlowProcess	REPLAY	src/main/java/mods/eln/sixnode/electricalredstoneinput/ElectricalRedstoneInputSlowProcess.java	src/main/java/mods/eln/sixnode/electricalredstoneinput/ElectricalRedstoneInputSlowProcess.java	src/main/java/mods/eln/sixnode/electricalredstoneinput/ElectricalRedstoneInputSlowProcess.java
mods/eln/sixnode/electricalredstoneoutput/ElectricalRedstoneOutputDescriptor	REPLAY	src/main/java/mods/eln/sixnode/electricalredstoneoutput/ElectricalRedstoneOutputDescriptor.java	src/main/java/mods/eln/sixnode/electricalredstoneoutput/ElectricalRedstoneOutputDescriptor.java	src/main/java/mods/eln/sixnode/electricalredstoneoutput/ElectricalRedstoneOutputDescriptor.java
mods/eln/sixnode/electricalredstoneoutput/ElectricalRedstoneOutputElement	REPLAY	src/main/java/mods/eln/sixnode/electricalredstoneoutput/ElectricalRedstoneOutputElement.java	src/main/java/mods/eln/sixnode/electricalredstoneoutput/ElectricalRedstoneOutputElement.java	src/main/java/mods/eln/sixnode/electricalredstoneoutput/ElectricalRedstoneOutputElement.java
mods/eln/sixnode/electricalredstoneoutput/ElectricalRedstoneOutputRender	VERBATIM	src/main/java/mods/eln/sixnode/electricalredstoneoutput/ElectricalRedstoneOutputRender.java	src/main/java/mods/eln/sixnode/electricalredstoneoutput/ElectricalRedstoneOutputRender.java	src/main/java/mods/eln/sixnode/electricalredstoneoutput/ElectricalRedstoneOutputRender.java
mods/eln/sixnode/electricalredstoneoutput/ElectricalRedstoneOutputSlowProcess	ASIS	src/main/java/mods/eln/sixnode/electricalredstoneoutput/ElectricalRedstoneOutputSlowProcess.java	src/main/java/mods/eln/sixnode/electricalredstoneoutput/ElectricalRedstoneOutputSlowProcess.java	src/main/java/mods/eln/sixnode/electricalredstoneoutput/ElectricalRedstoneOutputSlowProcess.java
mods/eln/sixnode/electricalrelay/ElectricalRelayDescriptor	REPLAY	src/main/java/mods/eln/sixnode/electricalrelay/ElectricalRelayDescriptor.java	src/main/java/mods/eln/sixnode/electricalrelay/ElectricalRelayDescriptor.java	src/main/java/mods/eln/sixnode/electricalrelay/ElectricalRelayDescriptor.java
mods/eln/sixnode/electricalrelay/ElectricalRelayElement	REPLAY	src/main/java/mods/eln/sixnode/electricalrelay/ElectricalRelayElement.java	src/main/java/mods/eln/sixnode/electricalrelay/ElectricalRelayElement.java	src/main/java/mods/eln/sixnode/electricalrelay/ElectricalRelayElement.java
mods/eln/sixnode/electricalrelay/ElectricalRelayGateProcess	NOCRIB	src/main/java/mods/eln/sixnode/electricalrelay/ElectricalRelayGateProcess.java	src/main/java/mods/eln/sixnode/electricalrelay/ElectricalRelayGateProcess.java	src/main/java/mods/eln/sixnode/electricalrelay/ElectricalRelayGateProcess.java
mods/eln/sixnode/electricalrelay/ElectricalRelayGui	ASIS	src/main/java/mods/eln/sixnode/electricalrelay/ElectricalRelayGui.java	src/main/java/mods/eln/sixnode/electricalrelay/ElectricalRelayGui.java	src/main/java/mods/eln/sixnode/electricalrelay/ElectricalRelayGui.java
mods/eln/sixnode/electricalrelay/ElectricalRelayRender	REPLAY	src/main/java/mods/eln/sixnode/electricalrelay/ElectricalRelayRender.java	src/main/java/mods/eln/sixnode/electricalrelay/ElectricalRelayRender.java	src/main/java/mods/eln/sixnode/electricalrelay/ElectricalRelayRender.java
mods/eln/sixnode/electricalsensor/ElectricalSensorContainer	NOCRIB	src/main/java/mods/eln/sixnode/electricalsensor/ElectricalSensorContainer.java	src/main/java/mods/eln/sixnode/electricalsensor/ElectricalSensorContainer.java	src/main/java/mods/eln/sixnode/electricalsensor/ElectricalSensorContainer.java
mods/eln/sixnode/electricalsensor/ElectricalSensorDescriptor	NOCRIB	src/main/java/mods/eln/sixnode/electricalsensor/ElectricalSensorDescriptor.java	src/main/java/mods/eln/sixnode/electricalsensor/ElectricalSensorDescriptor.java	src/main/java/mods/eln/sixnode/electricalsensor/ElectricalSensorDescriptor.java
mods/eln/sixnode/electricalsensor/ElectricalSensorElement	REPLAY	src/main/java/mods/eln/sixnode/electricalsensor/ElectricalSensorElement.java	src/main/java/mods/eln/sixnode/electricalsensor/ElectricalSensorElement.java	src/main/java/mods/eln/sixnode/electricalsensor/ElectricalSensorElement.java
mods/eln/sixnode/electricalsensor/ElectricalSensorGui	VERBATIM	src/main/java/mods/eln/sixnode/electricalsensor/ElectricalSensorGui.java	src/main/java/mods/eln/sixnode/electricalsensor/ElectricalSensorGui.java	src/main/java/mods/eln/sixnode/electricalsensor/ElectricalSensorGui.java
mods/eln/sixnode/electricalsensor/ElectricalSensorProcess	REPLAY	src/main/java/mods/eln/sixnode/electricalsensor/ElectricalSensorProcess.java	src/main/java/mods/eln/sixnode/electricalsensor/ElectricalSensorProcess.java	src/main/java/mods/eln/sixnode/electricalsensor/ElectricalSensorProcess.java
mods/eln/sixnode/electricalsensor/ElectricalSensorRender	REPLAY	src/main/java/mods/eln/sixnode/electricalsensor/ElectricalSensorRender.java	src/main/java/mods/eln/sixnode/electricalsensor/ElectricalSensorRender.java	src/main/java/mods/eln/sixnode/electricalsensor/ElectricalSensorRender.java
mods/eln/sixnode/electricalsource/ElectricalSourceDescriptor	REPLAY	src/main/java/mods/eln/sixnode/electricalsource/ElectricalSourceDescriptor.java	src/main/java/mods/eln/sixnode/electricalsource/ElectricalSourceDescriptor.java	src/main/java/mods/eln/sixnode/electricalsource/ElectricalSourceDescriptor.java
mods/eln/sixnode/electricalsource/ElectricalSourceElement	REPLAY	src/main/java/mods/eln/sixnode/electricalsource/ElectricalSourceElement.java	src/main/java/mods/eln/sixnode/electricalsource/ElectricalSourceElement.java	src/main/java/mods/eln/sixnode/electricalsource/ElectricalSourceElement.java
mods/eln/sixnode/electricalsource/ElectricalSourceGui	ASIS	src/main/java/mods/eln/sixnode/electricalsource/ElectricalSourceGui.java	src/main/java/mods/eln/sixnode/electricalsource/ElectricalSourceGui.java	src/main/java/mods/eln/sixnode/electricalsource/ElectricalSourceGui.java
mods/eln/sixnode/electricalsource/ElectricalSourceRender	REPLAY	src/main/java/mods/eln/sixnode/electricalsource/ElectricalSourceRender.java	src/main/java/mods/eln/sixnode/electricalsource/ElectricalSourceRender.java	src/main/java/mods/eln/sixnode/electricalsource/ElectricalSourceRender.java
mods/eln/sixnode/electricalswitch/ElectricalSwitchDescriptor	REPLAY	src/main/java/mods/eln/sixnode/electricalswitch/ElectricalSwitchDescriptor.java	src/main/java/mods/eln/sixnode/electricalswitch/ElectricalSwitchDescriptor.java	src/main/java/mods/eln/sixnode/electricalswitch/ElectricalSwitchDescriptor.java
mods/eln/sixnode/electricalswitch/ElectricalSwitchElement	REPLAY	src/main/java/mods/eln/sixnode/electricalswitch/ElectricalSwitchElement.java	src/main/java/mods/eln/sixnode/electricalswitch/ElectricalSwitchElement.java	src/main/java/mods/eln/sixnode/electricalswitch/ElectricalSwitchElement.java
mods/eln/sixnode/electricalswitch/ElectricalSwitchRender	NOCRIB	src/main/java/mods/eln/sixnode/electricalswitch/ElectricalSwitchRender.java	src/main/java/mods/eln/sixnode/electricalswitch/ElectricalSwitchRender.java	src/main/java/mods/eln/sixnode/electricalswitch/ElectricalSwitchRender.java
mods/eln/sixnode/electricaltimeout/ElectricalTimeoutDescriptor	REPLAY	src/main/java/mods/eln/sixnode/electricaltimeout/ElectricalTimeoutDescriptor.java	src/main/java/mods/eln/sixnode/electricaltimeout/ElectricalTimeoutDescriptor.java	src/main/java/mods/eln/sixnode/electricaltimeout/ElectricalTimeoutDescriptor.java
mods/eln/sixnode/electricaltimeout/ElectricalTimeoutElement	REPLAY	src/main/java/mods/eln/sixnode/electricaltimeout/ElectricalTimeoutElement.java	src/main/java/mods/eln/sixnode/electricaltimeout/ElectricalTimeoutElement.java	src/main/java/mods/eln/sixnode/electricaltimeout/ElectricalTimeoutElement.java
mods/eln/sixnode/electricaltimeout/ElectricalTimeoutGui	ASIS	src/main/java/mods/eln/sixnode/electricaltimeout/ElectricalTimeoutGui.java	src/main/java/mods/eln/sixnode/electricaltimeout/ElectricalTimeoutGui.java	src/main/java/mods/eln/sixnode/electricaltimeout/ElectricalTimeoutGui.java
mods/eln/sixnode/electricaltimeout/ElectricalTimeoutProcess	VERBATIM	src/main/java/mods/eln/sixnode/electricaltimeout/ElectricalTimeoutProcess.java	src/main/java/mods/eln/sixnode/electricaltimeout/ElectricalTimeoutProcess.java	src/main/java/mods/eln/sixnode/electricaltimeout/ElectricalTimeoutProcess.java
mods/eln/sixnode/electricaltimeout/ElectricalTimeoutRender	REPLAY	src/main/java/mods/eln/sixnode/electricaltimeout/ElectricalTimeoutRender.java	src/main/java/mods/eln/sixnode/electricaltimeout/ElectricalTimeoutRender.java	src/main/java/mods/eln/sixnode/electricaltimeout/ElectricalTimeoutRender.java
mods/eln/sixnode/electricalwatch/ElectricalWatchContainer	VERBATIM	src/main/java/mods/eln/sixnode/electricalwatch/ElectricalWatchContainer.java	src/main/java/mods/eln/sixnode/electricalwatch/ElectricalWatchContainer.java	src/main/java/mods/eln/sixnode/electricalwatch/ElectricalWatchContainer.java
mods/eln/sixnode/electricalwatch/ElectricalWatchDescriptor	REPLAY	src/main/java/mods/eln/sixnode/electricalwatch/ElectricalWatchDescriptor.java	src/main/java/mods/eln/sixnode/electricalwatch/ElectricalWatchDescriptor.java	src/main/java/mods/eln/sixnode/electricalwatch/ElectricalWatchDescriptor.java
mods/eln/sixnode/electricalwatch/ElectricalWatchElement	REPLAY	src/main/java/mods/eln/sixnode/electricalwatch/ElectricalWatchElement.java	src/main/java/mods/eln/sixnode/electricalwatch/ElectricalWatchElement.java	src/main/java/mods/eln/sixnode/electricalwatch/ElectricalWatchElement.java
mods/eln/sixnode/electricalwatch/ElectricalWatchGui	ASIS	src/main/java/mods/eln/sixnode/electricalwatch/ElectricalWatchGui.java	src/main/java/mods/eln/sixnode/electricalwatch/ElectricalWatchGui.java	src/main/java/mods/eln/sixnode/electricalwatch/ElectricalWatchGui.java
mods/eln/sixnode/electricalwatch/ElectricalWatchRender	REPLAY	src/main/java/mods/eln/sixnode/electricalwatch/ElectricalWatchRender.java	src/main/java/mods/eln/sixnode/electricalwatch/ElectricalWatchRender.java	src/main/java/mods/eln/sixnode/electricalwatch/ElectricalWatchRender.java
mods/eln/sixnode/electricalwatch/ElectricalWatchSlowProcess	REPLAY	src/main/java/mods/eln/sixnode/electricalwatch/ElectricalWatchSlowProcess.java	src/main/java/mods/eln/sixnode/electricalwatch/ElectricalWatchSlowProcess.java	src/main/java/mods/eln/sixnode/electricalwatch/ElectricalWatchSlowProcess.java
mods/eln/sixnode/electricalweathersensor/ElectricalWeatherSensorDescriptor	REPLAY	src/main/java/mods/eln/sixnode/electricalweathersensor/ElectricalWeatherSensorDescriptor.java	src/main/java/mods/eln/sixnode/electricalweathersensor/ElectricalWeatherSensorDescriptor.java	src/main/java/mods/eln/sixnode/electricalweathersensor/ElectricalWeatherSensorDescriptor.java
mods/eln/sixnode/electricalweathersensor/ElectricalWeatherSensorElement	NOCRIB	src/main/java/mods/eln/sixnode/electricalweathersensor/ElectricalWeatherSensorElement.java	src/main/java/mods/eln/sixnode/electricalweathersensor/ElectricalWeatherSensorElement.java	src/main/java/mods/eln/sixnode/electricalweathersensor/ElectricalWeatherSensorElement.java
mods/eln/sixnode/electricalweathersensor/ElectricalWeatherSensorRender	REPLAY	src/main/java/mods/eln/sixnode/electricalweathersensor/ElectricalWeatherSensorRender.java	src/main/java/mods/eln/sixnode/electricalweathersensor/ElectricalWeatherSensorRender.java	src/main/java/mods/eln/sixnode/electricalweathersensor/ElectricalWeatherSensorRender.java
mods/eln/sixnode/electricalweathersensor/ElectricalWeatherSensorSlowProcess	REPLAY	src/main/java/mods/eln/sixnode/electricalweathersensor/ElectricalWeatherSensorSlowProcess.java	src/main/java/mods/eln/sixnode/electricalweathersensor/ElectricalWeatherSensorSlowProcess.java	src/main/java/mods/eln/sixnode/electricalweathersensor/ElectricalWeatherSensorSlowProcess.java
mods/eln/sixnode/electricalwindsensor/ElectricalWindSensorDescriptor	REPLAY	src/main/java/mods/eln/sixnode/electricalwindsensor/ElectricalWindSensorDescriptor.java	src/main/java/mods/eln/sixnode/electricalwindsensor/ElectricalWindSensorDescriptor.java	src/main/java/mods/eln/sixnode/electricalwindsensor/ElectricalWindSensorDescriptor.java
mods/eln/sixnode/electricalwindsensor/ElectricalWindSensorElement	REPLAY	src/main/java/mods/eln/sixnode/electricalwindsensor/ElectricalWindSensorElement.java	src/main/java/mods/eln/sixnode/electricalwindsensor/ElectricalWindSensorElement.java	src/main/java/mods/eln/sixnode/electricalwindsensor/ElectricalWindSensorElement.java
mods/eln/sixnode/electricalwindsensor/ElectricalWindSensorRender	VERBATIM	src/main/java/mods/eln/sixnode/electricalwindsensor/ElectricalWindSensorRender.java	src/main/java/mods/eln/sixnode/electricalwindsensor/ElectricalWindSensorRender.java	src/main/java/mods/eln/sixnode/electricalwindsensor/ElectricalWindSensorRender.java
mods/eln/sixnode/electricalwindsensor/ElectricalWindSensorSlowProcess	REPLAY	src/main/java/mods/eln/sixnode/electricalwindsensor/ElectricalWindSensorSlowProcess.java	src/main/java/mods/eln/sixnode/electricalwindsensor/ElectricalWindSensorSlowProcess.java	src/main/java/mods/eln/sixnode/electricalwindsensor/ElectricalWindSensorSlowProcess.java
mods/eln/sixnode/energymeter/EnergyMeterContainer	ASIS	src/main/java/mods/eln/sixnode/energymeter/EnergyMeterContainer.java	src/main/java/mods/eln/sixnode/energymeter/EnergyMeterContainer.java	src/main/java/mods/eln/sixnode/energymeter/EnergyMeterContainer.java
mods/eln/sixnode/energymeter/EnergyMeterDescriptor	REPLAY	src/main/java/mods/eln/sixnode/energymeter/EnergyMeterDescriptor.java	src/main/java/mods/eln/sixnode/energymeter/EnergyMeterDescriptor.java	src/main/java/mods/eln/sixnode/energymeter/EnergyMeterDescriptor.java
mods/eln/sixnode/energymeter/EnergyMeterElement	REPLAY	src/main/java/mods/eln/sixnode/energymeter/EnergyMeterElement.java	src/main/java/mods/eln/sixnode/energymeter/EnergyMeterElement.java	src/main/java/mods/eln/sixnode/energymeter/EnergyMeterElement.java
mods/eln/sixnode/energymeter/EnergyMeterGui	VERBATIM	src/main/java/mods/eln/sixnode/energymeter/EnergyMeterGui.java	src/main/java/mods/eln/sixnode/energymeter/EnergyMeterGui.java	src/main/java/mods/eln/sixnode/energymeter/EnergyMeterGui.java
mods/eln/sixnode/energymeter/EnergyMeterRender	REPLAY	src/main/java/mods/eln/sixnode/energymeter/EnergyMeterRender.java	src/main/java/mods/eln/sixnode/energymeter/EnergyMeterRender.java	src/main/java/mods/eln/sixnode/energymeter/EnergyMeterRender.java
mods/eln/sixnode/genericcable/GenericCableDescriptor	FRESH	-	src/main/java/mods/eln/sixnode/genericcable/GenericCableDescriptor.java	-
mods/eln/sixnode/groundcable/GroundCableContainer	ASIS	src/main/java/mods/eln/sixnode/groundcable/GroundCableContainer.java	src/main/java/mods/eln/sixnode/groundcable/GroundCableContainer.java	src/main/java/mods/eln/sixnode/groundcable/GroundCableContainer.java
mods/eln/sixnode/groundcable/GroundCableDescriptor	REPLAY	src/main/java/mods/eln/sixnode/groundcable/GroundCableDescriptor.java	src/main/java/mods/eln/sixnode/groundcable/GroundCableDescriptor.java	src/main/java/mods/eln/sixnode/groundcable/GroundCableDescriptor.java
mods/eln/sixnode/groundcable/GroundCableElement	REPLAY	src/main/java/mods/eln/sixnode/groundcable/GroundCableElement.java	src/main/java/mods/eln/sixnode/groundcable/GroundCableElement.java	src/main/java/mods/eln/sixnode/groundcable/GroundCableElement.java
mods/eln/sixnode/groundcable/GroundCableGui	ASIS	src/main/java/mods/eln/sixnode/groundcable/GroundCableGui.java	src/main/java/mods/eln/sixnode/groundcable/GroundCableGui.java	src/main/java/mods/eln/sixnode/groundcable/GroundCableGui.java
mods/eln/sixnode/groundcable/GroundCableRender	REPLAY	src/main/java/mods/eln/sixnode/groundcable/GroundCableRender.java	src/main/java/mods/eln/sixnode/groundcable/GroundCableRender.java	src/main/java/mods/eln/sixnode/groundcable/GroundCableRender.java
mods/eln/sixnode/hub/HubContainer	ASIS	src/main/java/mods/eln/sixnode/hub/HubContainer.java	src/main/java/mods/eln/sixnode/hub/HubContainer.java	src/main/java/mods/eln/sixnode/hub/HubContainer.java
mods/eln/sixnode/hub/HubDescriptor	NOCRIB	src/main/java/mods/eln/sixnode/hub/HubDescriptor.java	src/main/java/mods/eln/sixnode/hub/HubDescriptor.java	src/main/java/mods/eln/sixnode/hub/HubDescriptor.java
mods/eln/sixnode/hub/HubElement	REPLAY	src/main/java/mods/eln/sixnode/hub/HubElement.java	src/main/java/mods/eln/sixnode/hub/HubElement.java	src/main/java/mods/eln/sixnode/hub/HubElement.java
mods/eln/sixnode/hub/HubGui	VERBATIM	src/main/java/mods/eln/sixnode/hub/HubGui.java	src/main/java/mods/eln/sixnode/hub/HubGui.java	src/main/java/mods/eln/sixnode/hub/HubGui.java
mods/eln/sixnode/hub/HubRender	NOCRIB	src/main/java/mods/eln/sixnode/hub/HubRender.java	src/main/java/mods/eln/sixnode/hub/HubRender.java	src/main/java/mods/eln/sixnode/hub/HubRender.java
mods/eln/sixnode/lampsocket/LampSocketContainer	NOCRIB	src/main/java/mods/eln/sixnode/lampsocket/LampSocketContainer.java	src/main/kotlin/mods/eln/sixnode/lampsocket/LampSocketContainer.kt	src/main/java/mods/eln/sixnode/lampsocket/LampSocketContainer.java
mods/eln/sixnode/lampsocket/LampSocketDescriptor	REPLAY	src/main/java/mods/eln/sixnode/lampsocket/LampSocketDescriptor.java	src/main/kotlin/mods/eln/sixnode/lampsocket/LampSocketDescriptor.kt	src/main/java/mods/eln/sixnode/lampsocket/LampSocketDescriptor.java
mods/eln/sixnode/lampsocket/LampSocketElement	REPLAY	src/main/java/mods/eln/sixnode/lampsocket/LampSocketElement.java	src/main/kotlin/mods/eln/sixnode/lampsocket/LampSocketElement.kt	src/main/java/mods/eln/sixnode/lampsocket/LampSocketElement.java
mods/eln/sixnode/lampsocket/LampSocketGui	REPLAY	src/main/java/mods/eln/sixnode/lampsocket/LampSocketGuiDraw.java	src/main/kotlin/mods/eln/sixnode/lampsocket/LampSocketGui.kt	src/main/java/mods/eln/sixnode/lampsocket/LampSocketGuiDraw.java
mods/eln/sixnode/lampsocket/LampSocketProcess	REPLAY	src/main/java/mods/eln/sixnode/lampsocket/LampSocketProcess.java	src/main/kotlin/mods/eln/sixnode/lampsocket/LampSocketProcess.kt	src/main/java/mods/eln/sixnode/lampsocket/LampSocketProcess.java
mods/eln/sixnode/lampsocket/LampSocketRender	REPLAY	src/main/java/mods/eln/sixnode/lampsocket/LampSocketRender.java	src/main/kotlin/mods/eln/sixnode/lampsocket/LampSocketRender.kt	src/main/java/mods/eln/sixnode/lampsocket/LampSocketRender.java
mods/eln/sixnode/lampsocket/objrender/ILampSocketObjRender	FRESH	-	src/main/kotlin/mods/eln/sixnode/lampsocket/objrender/ILampSocketObjRender.kt	-
mods/eln/sixnode/lampsocket/objrender/LampSocketStandardObjRender	FRESH	-	src/main/kotlin/mods/eln/sixnode/lampsocket/objrender/LampSocketStandardObjRender.kt	-
mods/eln/sixnode/lampsocket/objrender/LampSocketSuspendedObjRender	FRESH	-	src/main/kotlin/mods/eln/sixnode/lampsocket/objrender/LampSocketSuspendedObjRender.kt	-
mods/eln/sixnode/lampsupply/LampSupplyContainer	NOCRIB	src/main/java/mods/eln/sixnode/lampsupply/LampSupplyContainer.java	src/main/java/mods/eln/sixnode/lampsupply/LampSupplyContainer.java	src/main/java/mods/eln/sixnode/lampsupply/LampSupplyContainer.java
mods/eln/sixnode/lampsupply/LampSupplyDescriptor	REPLAY	src/main/java/mods/eln/sixnode/lampsupply/LampSupplyDescriptor.java	src/main/java/mods/eln/sixnode/lampsupply/LampSupplyDescriptor.java	src/main/java/mods/eln/sixnode/lampsupply/LampSupplyDescriptor.java
mods/eln/sixnode/lampsupply/LampSupplyElement	REPLAY	src/main/java/mods/eln/sixnode/lampsupply/LampSupplyElement.java	src/main/java/mods/eln/sixnode/lampsupply/LampSupplyElement.java	src/main/java/mods/eln/sixnode/lampsupply/LampSupplyElement.java
mods/eln/sixnode/lampsupply/LampSupplyGui	ASIS	src/main/java/mods/eln/sixnode/lampsupply/LampSupplyGui.java	src/main/java/mods/eln/sixnode/lampsupply/LampSupplyGui.java	src/main/java/mods/eln/sixnode/lampsupply/LampSupplyGui.java
mods/eln/sixnode/lampsupply/LampSupplyRender	REPLAY	src/main/java/mods/eln/sixnode/lampsupply/LampSupplyRender.java	src/main/java/mods/eln/sixnode/lampsupply/LampSupplyRender.java	src/main/java/mods/eln/sixnode/lampsupply/LampSupplyRender.java
mods/eln/sixnode/modbusrtu/IModbusSlave	REPLAY	src/main/java/mods/eln/sixnode/modbusrtu/IModbusSlave.kt	src/main/kotlin/mods/eln/sixnode/modbusrtu/IModbusSlave.kt	src/main/java/mods/eln/sixnode/modbusrtu/IModbusSlave.kt
mods/eln/sixnode/modbusrtu/IModbusSlot	ASIS	src/main/java/mods/eln/sixnode/modbusrtu/IModbusSlot.java	src/main/java/mods/eln/sixnode/modbusrtu/IModbusSlot.java	src/main/java/mods/eln/sixnode/modbusrtu/IModbusSlot.java
mods/eln/sixnode/modbusrtu/IllegalAddressException	NOCRIB	src/main/java/mods/eln/sixnode/modbusrtu/IllegalAddressException.kt	src/main/kotlin/mods/eln/sixnode/modbusrtu/IllegalAddressException.kt	src/main/java/mods/eln/sixnode/modbusrtu/IllegalAddressException.kt
mods/eln/sixnode/modbusrtu/ModbusNullSlot	ASIS	src/main/java/mods/eln/sixnode/modbusrtu/ModbusNullSlot.java	src/main/java/mods/eln/sixnode/modbusrtu/ModbusNullSlot.java	src/main/java/mods/eln/sixnode/modbusrtu/ModbusNullSlot.java
mods/eln/sixnode/modbusrtu/ModbusRtuDescriptor	VERBATIM	src/main/java/mods/eln/sixnode/modbusrtu/ModbusRtuDescriptor.java	src/main/java/mods/eln/sixnode/modbusrtu/ModbusRtuDescriptor.java	src/main/java/mods/eln/sixnode/modbusrtu/ModbusRtuDescriptor.java
mods/eln/sixnode/modbusrtu/ModbusRtuElement	REPLAY	src/main/java/mods/eln/sixnode/modbusrtu/ModbusRtuElement.java	src/main/java/mods/eln/sixnode/modbusrtu/ModbusRtuElement.java	src/main/java/mods/eln/sixnode/modbusrtu/ModbusRtuElement.java
mods/eln/sixnode/modbusrtu/ModbusRtuGui	REPLAY	src/main/java/mods/eln/sixnode/modbusrtu/ModbusRtuGui.java	src/main/java/mods/eln/sixnode/modbusrtu/ModbusRtuGui.java	src/main/java/mods/eln/sixnode/modbusrtu/ModbusRtuGui.java
mods/eln/sixnode/modbusrtu/ModbusRtuRender	REPLAY	src/main/java/mods/eln/sixnode/modbusrtu/ModbusRtuRender.java	src/main/java/mods/eln/sixnode/modbusrtu/ModbusRtuRender.java	src/main/java/mods/eln/sixnode/modbusrtu/ModbusRtuRender.java
mods/eln/sixnode/modbusrtu/ModbusSlot	ASIS	src/main/java/mods/eln/sixnode/modbusrtu/ModbusSlot.java	src/main/java/mods/eln/sixnode/modbusrtu/ModbusSlot.java	src/main/java/mods/eln/sixnode/modbusrtu/ModbusSlot.java
mods/eln/sixnode/modbusrtu/ModbusTcpServer	REPLAY	src/main/java/mods/eln/sixnode/modbusrtu/ModbusTcpServer.kt	src/main/kotlin/mods/eln/sixnode/modbusrtu/ModbusTcpServer.kt	src/main/java/mods/eln/sixnode/modbusrtu/ModbusTcpServer.kt
mods/eln/sixnode/modbusrtu/NameId	ASIS	src/main/java/mods/eln/sixnode/modbusrtu/NameId.java	src/main/java/mods/eln/sixnode/modbusrtu/NameId.java	src/main/java/mods/eln/sixnode/modbusrtu/NameId.java
mods/eln/sixnode/modbusrtu/ServerWirelessRxStatus	REPLAY	src/main/java/mods/eln/sixnode/modbusrtu/ServerWirelessRxStatus.java	src/main/java/mods/eln/sixnode/modbusrtu/ServerWirelessRxStatus.java	src/main/java/mods/eln/sixnode/modbusrtu/ServerWirelessRxStatus.java
mods/eln/sixnode/modbusrtu/ServerWirelessTxStatus	REPLAY	src/main/java/mods/eln/sixnode/modbusrtu/ServerWirelessTxStatus.java	src/main/java/mods/eln/sixnode/modbusrtu/ServerWirelessTxStatus.java	src/main/java/mods/eln/sixnode/modbusrtu/ServerWirelessTxStatus.java
mods/eln/sixnode/modbusrtu/WirelessRxStatus	VERBATIM	src/main/java/mods/eln/sixnode/modbusrtu/WirelessRxStatus.java	src/main/java/mods/eln/sixnode/modbusrtu/WirelessRxStatus.java	src/main/java/mods/eln/sixnode/modbusrtu/WirelessRxStatus.java
mods/eln/sixnode/modbusrtu/WirelessTxStatus	VERBATIM	src/main/java/mods/eln/sixnode/modbusrtu/WirelessTxStatus.java	src/main/java/mods/eln/sixnode/modbusrtu/WirelessTxStatus.java	src/main/java/mods/eln/sixnode/modbusrtu/WirelessTxStatus.java
mods/eln/sixnode/modbusrtu/modbusAnalogIoSlot	ASIS	src/main/java/mods/eln/sixnode/modbusrtu/modbusAnalogIoSlot.java	src/main/java/mods/eln/sixnode/modbusrtu/modbusAnalogIoSlot.java	src/main/java/mods/eln/sixnode/modbusrtu/modbusAnalogIoSlot.java
mods/eln/sixnode/mqttmeter/MqttEnergyMeterContainer	FRESH	-	src/main/kotlin/mods/eln/sixnode/mqttmeter/MqttEnergyMeterContainer.kt	-
mods/eln/sixnode/mqttmeter/MqttEnergyMeterElement	FRESH	-	src/main/kotlin/mods/eln/sixnode/mqttmeter/MqttEnergyMeterElement.kt	-
mods/eln/sixnode/mqttmeter/MqttEnergyMeterGui	FRESH	-	src/main/kotlin/mods/eln/sixnode/mqttmeter/MqttEnergyMeterGui.kt	-
mods/eln/sixnode/mqttmeter/MqttEnergyMeterRender	FRESH	-	src/main/kotlin/mods/eln/sixnode/mqttmeter/MqttEnergyMeterRender.kt	-
mods/eln/sixnode/mqttsignal/MqttSignalControllerContainer	FRESH	-	src/main/kotlin/mods/eln/sixnode/mqttsignal/MqttSignalControllerContainer.kt	-
mods/eln/sixnode/mqttsignal/MqttSignalControllerDescriptor	FRESH	-	src/main/kotlin/mods/eln/sixnode/mqttsignal/MqttSignalControllerDescriptor.kt	-
mods/eln/sixnode/mqttsignal/MqttSignalControllerElement	FRESH	-	src/main/kotlin/mods/eln/sixnode/mqttsignal/MqttSignalControllerElement.kt	-
mods/eln/sixnode/mqttsignal/MqttSignalControllerGui	FRESH	-	src/main/kotlin/mods/eln/sixnode/mqttsignal/MqttSignalControllerGui.kt	-
mods/eln/sixnode/mqttsignal/MqttSignalControllerRender	FRESH	-	src/main/kotlin/mods/eln/sixnode/mqttsignal/MqttSignalControllerRender.kt	-
mods/eln/sixnode/powersocket/PowerSocketDescriptor	REPLAY	src/main/java/mods/eln/sixnode/powersocket/PowerSocketDescriptor.java	src/main/kotlin/mods/eln/sixnode/powersocket/PowerSocketDescriptor.kt	src/main/java/mods/eln/sixnode/powersocket/PowerSocketDescriptor.java
mods/eln/sixnode/powersocket/PowerSocketElement	REPLAY	src/main/java/mods/eln/sixnode/powersocket/PowerSocketElement.java	src/main/kotlin/mods/eln/sixnode/powersocket/PowerSocketElement.kt	src/main/java/mods/eln/sixnode/powersocket/PowerSocketElement.java
mods/eln/sixnode/powersocket/PowerSocketGui	NOCRIB	src/main/java/mods/eln/sixnode/powersocket/PowerSocketGui.java	src/main/kotlin/mods/eln/sixnode/powersocket/PowerSocketGui.kt	src/main/java/mods/eln/sixnode/powersocket/PowerSocketGui.java
mods/eln/sixnode/powersocket/PowerSocketRender	REPLAY	src/main/java/mods/eln/sixnode/powersocket/PowerSocketRender.java	src/main/kotlin/mods/eln/sixnode/powersocket/PowerSocketRender.kt	src/main/java/mods/eln/sixnode/powersocket/PowerSocketRender.java
mods/eln/sixnode/resistor/ResistorContainer	ASIS	src/main/java/mods/eln/sixnode/resistor/ResistorContainer.java	src/main/java/mods/eln/sixnode/resistor/ResistorContainer.java	src/main/java/mods/eln/sixnode/resistor/ResistorContainer.java
mods/eln/sixnode/resistor/ResistorDescriptor	REPLAY	src/main/java/mods/eln/sixnode/resistor/ResistorDescriptor.java	src/main/java/mods/eln/sixnode/resistor/ResistorDescriptor.java	src/main/java/mods/eln/sixnode/resistor/ResistorDescriptor.java
mods/eln/sixnode/resistor/ResistorElement	REPLAY	src/main/java/mods/eln/sixnode/resistor/ResistorElement.java	src/main/java/mods/eln/sixnode/resistor/ResistorElement.java	src/main/java/mods/eln/sixnode/resistor/ResistorElement.java
mods/eln/sixnode/resistor/ResistorGui	VERBATIM	src/main/java/mods/eln/sixnode/resistor/ResistorGui.java	src/main/java/mods/eln/sixnode/resistor/ResistorGui.java	src/main/java/mods/eln/sixnode/resistor/ResistorGui.java
mods/eln/sixnode/resistor/ResistorRender	NOCRIB	src/main/java/mods/eln/sixnode/resistor/ResistorRender.java	src/main/java/mods/eln/sixnode/resistor/ResistorRender.java	src/main/java/mods/eln/sixnode/resistor/ResistorRender.java
mods/eln/sixnode/rs485cable/Rs485CableDescriptor	ASIS	src/main/java/mods/eln/sixnode/rs485cable/Rs485CableDescriptor.java	src/main/java/mods/eln/sixnode/rs485cable/Rs485CableDescriptor.java	src/main/java/mods/eln/sixnode/rs485cable/Rs485CableDescriptor.java
mods/eln/sixnode/rs485cable/Rs485CableElement	NOCRIB	src/main/java/mods/eln/sixnode/rs485cable/Rs485CableElement.java	src/main/java/mods/eln/sixnode/rs485cable/Rs485CableElement.java	src/main/java/mods/eln/sixnode/rs485cable/Rs485CableElement.java
mods/eln/sixnode/rs485cable/Rs485CableRender	NOCRIB	src/main/java/mods/eln/sixnode/rs485cable/Rs485CableRender.java	src/main/java/mods/eln/sixnode/rs485cable/Rs485CableRender.java	src/main/java/mods/eln/sixnode/rs485cable/Rs485CableRender.java
mods/eln/sixnode/signalinductor/SignalInductorDescriptor	FRESH	-	src/main/kotlin/mods/eln/sixnode/signalinductor/SignalInductorDescriptor.kt	-
mods/eln/sixnode/signalinductor/SignalInductorElement	FRESH	-	src/main/kotlin/mods/eln/sixnode/signalinductor/SignalInductorElement.kt	-
mods/eln/sixnode/signalinductor/SignalInductorRender	FRESH	-	src/main/kotlin/mods/eln/sixnode/signalinductor/SignalInductorRender.kt	-
mods/eln/sixnode/thermalcable/ThermalCableDescriptor	REPLAY	src/main/java/mods/eln/sixnode/thermalcable/ThermalCableDescriptor.java	src/main/java/mods/eln/sixnode/thermalcable/ThermalCableDescriptor.java	src/main/java/mods/eln/sixnode/thermalcable/ThermalCableDescriptor.java
mods/eln/sixnode/thermalcable/ThermalCableElement	REPLAY	src/main/java/mods/eln/sixnode/thermalcable/ThermalCableElement.java	src/main/java/mods/eln/sixnode/thermalcable/ThermalCableElement.java	src/main/java/mods/eln/sixnode/thermalcable/ThermalCableElement.java
mods/eln/sixnode/thermalcable/ThermalCableRender	REPLAY	src/main/java/mods/eln/sixnode/thermalcable/ThermalCableRender.java	src/main/java/mods/eln/sixnode/thermalcable/ThermalCableRender.java	src/main/java/mods/eln/sixnode/thermalcable/ThermalCableRender.java
mods/eln/sixnode/thermalsensor/ThermalSensorContainer	NOCRIB	src/main/java/mods/eln/sixnode/thermalsensor/ThermalSensorContainer.java	src/main/java/mods/eln/sixnode/thermalsensor/ThermalSensorContainer.java	src/main/java/mods/eln/sixnode/thermalsensor/ThermalSensorContainer.java
mods/eln/sixnode/thermalsensor/ThermalSensorDescriptor	NOCRIB	src/main/java/mods/eln/sixnode/thermalsensor/ThermalSensorDescriptor.java	src/main/java/mods/eln/sixnode/thermalsensor/ThermalSensorDescriptor.java	src/main/java/mods/eln/sixnode/thermalsensor/ThermalSensorDescriptor.java
mods/eln/sixnode/thermalsensor/ThermalSensorElement	REPLAY	src/main/java/mods/eln/sixnode/thermalsensor/ThermalSensorElement.java	src/main/java/mods/eln/sixnode/thermalsensor/ThermalSensorElement.java	src/main/java/mods/eln/sixnode/thermalsensor/ThermalSensorElement.java
mods/eln/sixnode/thermalsensor/ThermalSensorGui	REPLAY	src/main/java/mods/eln/sixnode/thermalsensor/ThermalSensorGui.java	src/main/java/mods/eln/sixnode/thermalsensor/ThermalSensorGui.java	src/main/java/mods/eln/sixnode/thermalsensor/ThermalSensorGui.java
mods/eln/sixnode/thermalsensor/ThermalSensorProcess	REPLAY	src/main/java/mods/eln/sixnode/thermalsensor/ThermalSensorProcess.java	src/main/java/mods/eln/sixnode/thermalsensor/ThermalSensorProcess.java	src/main/java/mods/eln/sixnode/thermalsensor/ThermalSensorProcess.java
mods/eln/sixnode/thermalsensor/ThermalSensorRender	REPLAY	src/main/java/mods/eln/sixnode/thermalsensor/ThermalSensorRender.java	src/main/java/mods/eln/sixnode/thermalsensor/ThermalSensorRender.java	src/main/java/mods/eln/sixnode/thermalsensor/ThermalSensorRender.java
mods/eln/sixnode/thermometersensor/ThermometerSensorContainer	FRESH	-	src/main/kotlin/mods/eln/sixnode/thermometersensor/ThermometerSensorContainer.kt	-
mods/eln/sixnode/thermometersensor/ThermometerSensorDescriptor	FRESH	-	src/main/kotlin/mods/eln/sixnode/thermometersensor/ThermometerSensorDescriptor.kt	-
mods/eln/sixnode/thermometersensor/ThermometerSensorElement	FRESH	-	src/main/kotlin/mods/eln/sixnode/thermometersensor/ThermometerSensorElement.kt	-
mods/eln/sixnode/thermometersensor/ThermometerSensorGui	FRESH	-	src/main/kotlin/mods/eln/sixnode/thermometersensor/ThermometerSensorGui.kt	-
mods/eln/sixnode/thermometersensor/ThermometerSensorRender	FRESH	-	src/main/kotlin/mods/eln/sixnode/thermometersensor/ThermometerSensorRender.kt	-
mods/eln/sixnode/thermometersensor/ThermometerSensorSlowProcess	FRESH	-	src/main/kotlin/mods/eln/sixnode/thermometersensor/ThermometerSensorSlowProcess.kt	-
mods/eln/sixnode/tutorialsign/TutorialSignDescriptor	VERBATIM	src/main/java/mods/eln/sixnode/tutorialsign/TutorialSignDescriptor.java	src/main/java/mods/eln/sixnode/tutorialsign/TutorialSignDescriptor.java	src/main/java/mods/eln/sixnode/tutorialsign/TutorialSignDescriptor.java
mods/eln/sixnode/tutorialsign/TutorialSignElement	REPLAY	src/main/java/mods/eln/sixnode/tutorialsign/TutorialSignElement.java	src/main/java/mods/eln/sixnode/tutorialsign/TutorialSignElement.java	src/main/java/mods/eln/sixnode/tutorialsign/TutorialSignElement.java
mods/eln/sixnode/tutorialsign/TutorialSignGui	ASIS	src/main/java/mods/eln/sixnode/tutorialsign/TutorialSignGui.java	src/main/java/mods/eln/sixnode/tutorialsign/TutorialSignGui.java	src/main/java/mods/eln/sixnode/tutorialsign/TutorialSignGui.java
mods/eln/sixnode/tutorialsign/TutorialSignOverlay	REPLAY	src/main/java/mods/eln/sixnode/tutorialsign/TutorialSignOverlay.java	src/main/java/mods/eln/sixnode/tutorialsign/TutorialSignOverlay.java	src/main/java/mods/eln/sixnode/tutorialsign/TutorialSignOverlay.java
mods/eln/sixnode/tutorialsign/TutorialSignRender	NOCRIB	src/main/java/mods/eln/sixnode/tutorialsign/TutorialSignRender.java	src/main/java/mods/eln/sixnode/tutorialsign/TutorialSignRender.java	src/main/java/mods/eln/sixnode/tutorialsign/TutorialSignRender.java
mods/eln/sixnode/wirelesssignal/IWirelessSignalSpot	REPLAY	src/main/java/mods/eln/sixnode/wirelesssignal/IWirelessSignalSpot.java	src/main/java/mods/eln/sixnode/wirelesssignal/IWirelessSignalSpot.java	src/main/java/mods/eln/sixnode/wirelesssignal/IWirelessSignalSpot.java
mods/eln/sixnode/wirelesssignal/IWirelessSignalTx	REPLAY	src/main/java/mods/eln/sixnode/wirelesssignal/IWirelessSignalTx.java	src/main/java/mods/eln/sixnode/wirelesssignal/IWirelessSignalTx.java	src/main/java/mods/eln/sixnode/wirelesssignal/IWirelessSignalTx.java
mods/eln/sixnode/wirelesssignal/WirelessSignalAnalyserItemDescriptor	REPLAY	src/main/java/mods/eln/sixnode/wirelesssignal/WirelessSignalAnalyserItemDescriptor.java	src/main/java/mods/eln/sixnode/wirelesssignal/WirelessSignalAnalyserItemDescriptor.java	src/main/java/mods/eln/sixnode/wirelesssignal/WirelessSignalAnalyserItemDescriptor.java
mods/eln/sixnode/wirelesssignal/WirelessUtils	REPLAY	src/main/java/mods/eln/sixnode/wirelesssignal/WirelessUtils.java	src/main/java/mods/eln/sixnode/wirelesssignal/WirelessUtils.java	src/main/java/mods/eln/sixnode/wirelesssignal/WirelessUtils.java
mods/eln/sixnode/wirelesssignal/aggregator/BiggerAggregator	ASIS	src/main/java/mods/eln/sixnode/wirelesssignal/aggregator/BiggerAggregator.java	src/main/java/mods/eln/sixnode/wirelesssignal/aggregator/BiggerAggregator.java	src/main/java/mods/eln/sixnode/wirelesssignal/aggregator/BiggerAggregator.java
mods/eln/sixnode/wirelesssignal/aggregator/IWirelessSignalAggregator	ASIS	src/main/java/mods/eln/sixnode/wirelesssignal/aggregator/IWirelessSignalAggregator.java	src/main/java/mods/eln/sixnode/wirelesssignal/aggregator/IWirelessSignalAggregator.java	src/main/java/mods/eln/sixnode/wirelesssignal/aggregator/IWirelessSignalAggregator.java
mods/eln/sixnode/wirelesssignal/aggregator/SmallerAggregator	ASIS	src/main/java/mods/eln/sixnode/wirelesssignal/aggregator/SmallerAggregator.java	src/main/java/mods/eln/sixnode/wirelesssignal/aggregator/SmallerAggregator.java	src/main/java/mods/eln/sixnode/wirelesssignal/aggregator/SmallerAggregator.java
mods/eln/sixnode/wirelesssignal/aggregator/ToogleAggregator	VERBATIM	src/main/java/mods/eln/sixnode/wirelesssignal/aggregator/ToogleAggregator.java	src/main/java/mods/eln/sixnode/wirelesssignal/aggregator/ToogleAggregator.java	src/main/java/mods/eln/sixnode/wirelesssignal/aggregator/ToogleAggregator.java
mods/eln/sixnode/wirelesssignal/repeater/WirelessSignalRepeaterDescriptor	REPLAY	src/main/java/mods/eln/sixnode/wirelesssignal/repeater/WirelessSignalRepeaterDescriptor.java	src/main/java/mods/eln/sixnode/wirelesssignal/repeater/WirelessSignalRepeaterDescriptor.java	src/main/java/mods/eln/sixnode/wirelesssignal/repeater/WirelessSignalRepeaterDescriptor.java
mods/eln/sixnode/wirelesssignal/repeater/WirelessSignalRepeaterElement	NOCRIB	src/main/java/mods/eln/sixnode/wirelesssignal/repeater/WirelessSignalRepeaterElement.java	src/main/java/mods/eln/sixnode/wirelesssignal/repeater/WirelessSignalRepeaterElement.java	src/main/java/mods/eln/sixnode/wirelesssignal/repeater/WirelessSignalRepeaterElement.java
mods/eln/sixnode/wirelesssignal/repeater/WirelessSignalRepeaterProcess	REPLAY	src/main/java/mods/eln/sixnode/wirelesssignal/repeater/WirelessSignalRepeaterProcess.java	src/main/java/mods/eln/sixnode/wirelesssignal/repeater/WirelessSignalRepeaterProcess.java	src/main/java/mods/eln/sixnode/wirelesssignal/repeater/WirelessSignalRepeaterProcess.java
mods/eln/sixnode/wirelesssignal/repeater/WirelessSignalRepeaterRender	REPLAY	src/main/java/mods/eln/sixnode/wirelesssignal/repeater/WirelessSignalRepeaterRender.java	src/main/java/mods/eln/sixnode/wirelesssignal/repeater/WirelessSignalRepeaterRender.java	src/main/java/mods/eln/sixnode/wirelesssignal/repeater/WirelessSignalRepeaterRender.java
mods/eln/sixnode/wirelesssignal/rx/WirelessSignalRxDescriptor	REPLAY	src/main/java/mods/eln/sixnode/wirelesssignal/rx/WirelessSignalRxDescriptor.java	src/main/java/mods/eln/sixnode/wirelesssignal/rx/WirelessSignalRxDescriptor.java	src/main/java/mods/eln/sixnode/wirelesssignal/rx/WirelessSignalRxDescriptor.java
mods/eln/sixnode/wirelesssignal/rx/WirelessSignalRxElement	REPLAY	src/main/java/mods/eln/sixnode/wirelesssignal/rx/WirelessSignalRxElement.java	src/main/java/mods/eln/sixnode/wirelesssignal/rx/WirelessSignalRxElement.java	src/main/java/mods/eln/sixnode/wirelesssignal/rx/WirelessSignalRxElement.java
mods/eln/sixnode/wirelesssignal/rx/WirelessSignalRxGui	ASIS	src/main/java/mods/eln/sixnode/wirelesssignal/rx/WirelessSignalRxGui.java	src/main/java/mods/eln/sixnode/wirelesssignal/rx/WirelessSignalRxGui.java	src/main/java/mods/eln/sixnode/wirelesssignal/rx/WirelessSignalRxGui.java
mods/eln/sixnode/wirelesssignal/rx/WirelessSignalRxProcess	REPLAY	src/main/java/mods/eln/sixnode/wirelesssignal/rx/WirelessSignalRxProcess.java	src/main/java/mods/eln/sixnode/wirelesssignal/rx/WirelessSignalRxProcess.java	src/main/java/mods/eln/sixnode/wirelesssignal/rx/WirelessSignalRxProcess.java
mods/eln/sixnode/wirelesssignal/rx/WirelessSignalRxRender	REPLAY	src/main/java/mods/eln/sixnode/wirelesssignal/rx/WirelessSignalRxRender.java	src/main/java/mods/eln/sixnode/wirelesssignal/rx/WirelessSignalRxRender.java	src/main/java/mods/eln/sixnode/wirelesssignal/rx/WirelessSignalRxRender.java
mods/eln/sixnode/wirelesssignal/source/WirelessSignalSourceDescriptor	REPLAY	src/main/java/mods/eln/sixnode/wirelesssignal/source/WirelessSignalSourceDescriptor.java	src/main/java/mods/eln/sixnode/wirelesssignal/source/WirelessSignalSourceDescriptor.java	src/main/java/mods/eln/sixnode/wirelesssignal/source/WirelessSignalSourceDescriptor.java
mods/eln/sixnode/wirelesssignal/source/WirelessSignalSourceElement	REPLAY	src/main/java/mods/eln/sixnode/wirelesssignal/source/WirelessSignalSourceElement.java	src/main/java/mods/eln/sixnode/wirelesssignal/source/WirelessSignalSourceElement.java	src/main/java/mods/eln/sixnode/wirelesssignal/source/WirelessSignalSourceElement.java
mods/eln/sixnode/wirelesssignal/source/WirelessSignalSourceGui	ASIS	src/main/java/mods/eln/sixnode/wirelesssignal/source/WirelessSignalSourceGui.java	src/main/java/mods/eln/sixnode/wirelesssignal/source/WirelessSignalSourceGui.java	src/main/java/mods/eln/sixnode/wirelesssignal/source/WirelessSignalSourceGui.java
mods/eln/sixnode/wirelesssignal/source/WirelessSignalSourceRender	REPLAY	src/main/java/mods/eln/sixnode/wirelesssignal/source/WirelessSignalSourceRender.java	src/main/java/mods/eln/sixnode/wirelesssignal/source/WirelessSignalSourceRender.java	src/main/java/mods/eln/sixnode/wirelesssignal/source/WirelessSignalSourceRender.java
mods/eln/sixnode/wirelesssignal/tx/WirelessSignalTxDescriptor	REPLAY	src/main/java/mods/eln/sixnode/wirelesssignal/tx/WirelessSignalTxDescriptor.java	src/main/java/mods/eln/sixnode/wirelesssignal/tx/WirelessSignalTxDescriptor.java	src/main/java/mods/eln/sixnode/wirelesssignal/tx/WirelessSignalTxDescriptor.java
mods/eln/sixnode/wirelesssignal/tx/WirelessSignalTxElement	REPLAY	src/main/java/mods/eln/sixnode/wirelesssignal/tx/WirelessSignalTxElement.java	src/main/java/mods/eln/sixnode/wirelesssignal/tx/WirelessSignalTxElement.java	src/main/java/mods/eln/sixnode/wirelesssignal/tx/WirelessSignalTxElement.java
mods/eln/sixnode/wirelesssignal/tx/WirelessSignalTxGui	ASIS	src/main/java/mods/eln/sixnode/wirelesssignal/tx/WirelessSignalTxGui.java	src/main/java/mods/eln/sixnode/wirelesssignal/tx/WirelessSignalTxGui.java	src/main/java/mods/eln/sixnode/wirelesssignal/tx/WirelessSignalTxGui.java
mods/eln/sixnode/wirelesssignal/tx/WirelessSignalTxRender	REPLAY	src/main/java/mods/eln/sixnode/wirelesssignal/tx/WirelessSignalTxRender.java	src/main/java/mods/eln/sixnode/wirelesssignal/tx/WirelessSignalTxRender.java	src/main/java/mods/eln/sixnode/wirelesssignal/tx/WirelessSignalTxRender.java
mods/eln/solver/ConstSymbole	NOCRIB	src/main/java/mods/eln/solver/ConstSymbole.java	src/main/kotlin/mods/eln/solver/ConstSymbole.kt	src/main/java/mods/eln/solver/ConstSymbole.java
mods/eln/solver/Constant	NOCRIB	src/main/java/mods/eln/solver/Constant.java	src/main/kotlin/mods/eln/solver/Constant.kt	src/main/java/mods/eln/solver/Constant.java
mods/eln/solver/Equation	REPLAY	src/main/java/mods/eln/solver/Equation.java	src/main/kotlin/mods/eln/solver/Equation.kt	src/main/java/mods/eln/solver/Equation.java
mods/eln/solver/IOperator	NOCRIB	src/main/java/mods/eln/solver/IOperator.java	src/main/kotlin/mods/eln/solver/IOperator.kt	src/main/java/mods/eln/solver/IOperator.java
mods/eln/solver/IOperatorMapper	NOCRIB	src/main/java/mods/eln/solver/IOperatorMapper.java	src/main/kotlin/mods/eln/solver/IOperatorMapper.kt	src/main/java/mods/eln/solver/IOperatorMapper.java
mods/eln/solver/ISymbole	NOCRIB	src/main/java/mods/eln/solver/ISymbole.java	src/main/kotlin/mods/eln/solver/ISymbole.kt	src/main/java/mods/eln/solver/ISymbole.java
mods/eln/solver/IValue	NOCRIB	src/main/java/mods/eln/solver/IValue.java	src/main/kotlin/mods/eln/solver/IValue.kt	src/main/java/mods/eln/solver/IValue.java
mods/eln/solver/OperatorAB	NOCRIB	src/main/java/mods/eln/solver/OperatorAB.java	src/main/kotlin/mods/eln/solver/OperatorAB.kt	src/main/java/mods/eln/solver/OperatorAB.java
mods/eln/solver/OperatorMapperA	NOCRIB	src/main/java/mods/eln/solver/OperatorMapperA.java	src/main/kotlin/mods/eln/solver/OperatorMapperA.kt	src/main/java/mods/eln/solver/OperatorMapperA.java
mods/eln/solver/OperatorMapperAB	NOCRIB	src/main/java/mods/eln/solver/OperatorMapperAB.java	src/main/kotlin/mods/eln/solver/OperatorMapperAB.kt	src/main/java/mods/eln/solver/OperatorMapperAB.java
mods/eln/solver/OperatorMapperBracket	NOCRIB	src/main/java/mods/eln/solver/OperatorMapperBracket.java	src/main/kotlin/mods/eln/solver/OperatorMapperBracket.kt	src/main/java/mods/eln/solver/OperatorMapperBracket.java
mods/eln/solver/OperatorMapperFunc	NOCRIB	src/main/java/mods/eln/solver/OperatorMapperFunc.java	src/main/kotlin/mods/eln/solver/OperatorMapperFunc.kt	src/main/java/mods/eln/solver/OperatorMapperFunc.java
mods/eln/sound/BeepLoopedSound	FRESH	-	src/main/kotlin/mods/eln/sound/BeepLoopedSound.kt	-
mods/eln/sound/IPlayer	NOCRIB	src/main/java/mods/eln/sound/IPlayer.java	src/main/kotlin/mods/eln/sound/IPlayer.kt	src/main/java/mods/eln/sound/IPlayer.java
mods/eln/sound/LoopedSound	REPLAY	src/main/java/mods/eln/sound/LoopedSound.kt	src/main/kotlin/mods/eln/sound/LoopedSound.kt	src/main/java/mods/eln/sound/LoopedSound.kt
mods/eln/sound/LoopedSoundManager	REPLAY	src/main/java/mods/eln/sound/LoopedSoundManager.kt	src/main/kotlin/mods/eln/sound/LoopedSoundManager.kt	src/main/java/mods/eln/sound/LoopedSoundManager.kt
mods/eln/sound/SoundClient	REPLAY	src/main/java/mods/eln/sound/SoundClient.java	src/main/kotlin/mods/eln/sound/SoundClient.kt	src/main/java/mods/eln/sound/SoundClient.java
mods/eln/sound/SoundClientEntity	NOCRIB	src/main/java/mods/eln/sound/SoundClientEntity.java	src/main/kotlin/mods/eln/sound/SoundClientEntity.kt	src/main/java/mods/eln/sound/SoundClientEntity.java
mods/eln/sound/SoundClientEventListener	REPLAY	src/main/java/mods/eln/sound/SoundClientEventListener.java	src/main/kotlin/mods/eln/sound/SoundClientEventListener.kt	src/main/java/mods/eln/sound/SoundClientEventListener.java
mods/eln/sound/SoundCommand	REPLAY	src/main/java/mods/eln/sound/SoundCommand.java	src/main/kotlin/mods/eln/sound/SoundCommand.kt	src/main/java/mods/eln/sound/SoundCommand.java
mods/eln/sound/SoundServer	REPLAY	src/main/java/mods/eln/sound/SoundServer.java	src/main/kotlin/mods/eln/sound/SoundServer.kt	src/main/java/mods/eln/sound/SoundServer.java
mods/eln/sound/SoundTrack	NOCRIB	src/main/java/mods/eln/sound/SoundTrack.java	src/main/kotlin/mods/eln/sound/SoundTrack.kt	src/main/java/mods/eln/sound/SoundTrack.java
mods/eln/transparentnode/ArcFurnace	FRESH	-	src/main/kotlin/mods/eln/transparentnode/ArcFurnace.kt	-
mods/eln/transparentnode/DcDc	FRESH	-	src/main/kotlin/mods/eln/transparentnode/DcDc.kt	-
mods/eln/transparentnode/DcDcWinding	FRESH	-	src/main/kotlin/mods/eln/transparentnode/DcDcWinding.kt	-
mods/eln/transparentnode/Fabricator	FRESH	-	src/main/kotlin/mods/eln/transparentnode/Fabricator.kt	-
mods/eln/transparentnode/FuelGenerator	REPLAY	src/main/java/mods/eln/transparentnode/FuelGenerator.kt	src/main/kotlin/mods/eln/transparentnode/FuelGenerator.kt	src/main/java/mods/eln/transparentnode/FuelGenerator.kt
mods/eln/transparentnode/FuelHeatFurnace	REPLAY	src/main/java/mods/eln/transparentnode/FuelHeatFurnace.kt	src/main/kotlin/mods/eln/transparentnode/FuelHeatFurnace.kt	src/main/java/mods/eln/transparentnode/FuelHeatFurnace.kt
mods/eln/transparentnode/LargeRheostat	REPLAY	src/main/java/mods/eln/transparentnode/LargeRheostat.kt	src/main/kotlin/mods/eln/transparentnode/LargeRheostat.kt	src/main/java/mods/eln/transparentnode/LargeRheostat.kt
mods/eln/transparentnode/LegacyDcDc	FRESH	-	src/main/kotlin/mods/eln/transparentnode/LegacyDcDc.kt	-
mods/eln/transparentnode/NixieTube	FRESH	-	src/main/kotlin/mods/eln/transparentnode/NixieTube.kt	-
mods/eln/transparentnode/OneWayDcDc	FRESH	-	src/main/kotlin/mods/eln/transparentnode/OneWayDcDc.kt	-
mods/eln/transparentnode/StreetLightWall	FRESH	-	src/main/kotlin/mods/eln/transparentnode/StreetLightWall.kt	-
mods/eln/transparentnode/ThermalHeatExchanger	FRESH	-	src/main/kotlin/mods/eln/transparentnode/ThermalHeatExchanger.kt	-
mods/eln/transparentnode/VariableDcDc	FRESH	-	src/main/kotlin/mods/eln/transparentnode/VariableDcDc.kt	-
mods/eln/transparentnode/WireProcessingMachines	FRESH	-	src/main/kotlin/mods/eln/transparentnode/WireProcessingMachines.kt	-
mods/eln/transparentnode/autominer/AutoMinerContainer	VERBATIM	src/main/java/mods/eln/transparentnode/autominer/AutoMinerContainer.java	src/main/java/mods/eln/transparentnode/autominer/AutoMinerContainer.java	src/main/java/mods/eln/transparentnode/autominer/AutoMinerContainer.java
mods/eln/transparentnode/autominer/AutoMinerDescriptor	REPLAY	src/main/java/mods/eln/transparentnode/autominer/AutoMinerDescriptor.java	src/main/java/mods/eln/transparentnode/autominer/AutoMinerDescriptor.java	src/main/java/mods/eln/transparentnode/autominer/AutoMinerDescriptor.java
mods/eln/transparentnode/autominer/AutoMinerElement	REPLAY	src/main/java/mods/eln/transparentnode/autominer/AutoMinerElement.java	src/main/java/mods/eln/transparentnode/autominer/AutoMinerElement.java	src/main/java/mods/eln/transparentnode/autominer/AutoMinerElement.java
mods/eln/transparentnode/autominer/AutoMinerGuiDraw	ASIS	src/main/java/mods/eln/transparentnode/autominer/AutoMinerGuiDraw.java	src/main/java/mods/eln/transparentnode/autominer/AutoMinerGuiDraw.java	src/main/java/mods/eln/transparentnode/autominer/AutoMinerGuiDraw.java
mods/eln/transparentnode/autominer/AutoMinerPowerNode	NOCRIB	src/main/java/mods/eln/transparentnode/autominer/AutoMinerPowerNode.java	src/main/java/mods/eln/transparentnode/autominer/AutoMinerPowerNode.java	src/main/java/mods/eln/transparentnode/autominer/AutoMinerPowerNode.java
mods/eln/transparentnode/autominer/AutoMinerRender	REPLAY	src/main/java/mods/eln/transparentnode/autominer/AutoMinerRender.java	src/main/java/mods/eln/transparentnode/autominer/AutoMinerRender.java	src/main/java/mods/eln/transparentnode/autominer/AutoMinerRender.java
mods/eln/transparentnode/autominer/AutoMinerSlowProcess	REPLAY	src/main/java/mods/eln/transparentnode/autominer/AutoMinerSlowProcess.java	src/main/java/mods/eln/transparentnode/autominer/AutoMinerSlowProcess.java	src/main/java/mods/eln/transparentnode/autominer/AutoMinerSlowProcess.java
mods/eln/transparentnode/battery/BatteryDescriptor	REPLAY	src/main/java/mods/eln/transparentnode/battery/BatteryDescriptor.java	src/main/kotlin/mods/eln/transparentnode/battery/BatteryDescriptor.kt	src/main/java/mods/eln/transparentnode/battery/BatteryDescriptor.java
mods/eln/transparentnode/battery/BatteryElement	REPLAY	src/main/java/mods/eln/transparentnode/battery/BatteryElement.java	src/main/kotlin/mods/eln/transparentnode/battery/BatteryElement.kt	src/main/java/mods/eln/transparentnode/battery/BatteryElement.java
mods/eln/transparentnode/battery/BatteryGuiDraw	REPLAY	src/main/java/mods/eln/transparentnode/battery/BatteryGuiDraw.java	src/main/kotlin/mods/eln/transparentnode/battery/BatteryGuiDraw.kt	src/main/java/mods/eln/transparentnode/battery/BatteryGuiDraw.java
mods/eln/transparentnode/battery/BatteryRender	NOCRIB	src/main/java/mods/eln/transparentnode/battery/BatteryRender.java	src/main/kotlin/mods/eln/transparentnode/battery/BatteryRender.kt	src/main/java/mods/eln/transparentnode/battery/BatteryRender.java
mods/eln/transparentnode/computercraftio/ComputerCraftIoDescriptor	VERBATIM	src/main/java/mods/eln/transparentnode/computercraftio/ComputerCraftIoDescriptor.java	src/main/java/mods/eln/transparentnode/computercraftio/ComputerCraftIoDescriptor.java	src/main/java/mods/eln/transparentnode/computercraftio/ComputerCraftIoDescriptor.java
mods/eln/transparentnode/computercraftio/ComputerCraftIoElement	REPLAY	src/main/java/mods/eln/transparentnode/computercraftio/ComputerCraftIoElement.java	src/main/java/mods/eln/transparentnode/computercraftio/ComputerCraftIoElement.java	src/main/java/mods/eln/transparentnode/computercraftio/ComputerCraftIoElement.java
mods/eln/transparentnode/computercraftio/ComputerCraftIoRender	ASIS	src/main/java/mods/eln/transparentnode/computercraftio/ComputerCraftIoRender.java	src/main/java/mods/eln/transparentnode/computercraftio/ComputerCraftIoRender.java	src/main/java/mods/eln/transparentnode/computercraftio/ComputerCraftIoRender.java
mods/eln/transparentnode/computercraftio/PeripheralHandler	REPLAY	src/main/java/mods/eln/transparentnode/computercraftio/PeripheralHandler.java	src/main/java/mods/eln/transparentnode/computercraftio/PeripheralHandler.java	src/main/java/mods/eln/transparentnode/computercraftio/PeripheralHandler.java
mods/eln/transparentnode/eggincubator/EggIncubatorContainer	REPLAY	src/main/java/mods/eln/transparentnode/eggincubator/EggIncubatorContainer.java	src/main/java/mods/eln/transparentnode/eggincubator/EggIncubatorContainer.java	src/main/java/mods/eln/transparentnode/eggincubator/EggIncubatorContainer.java
mods/eln/transparentnode/eggincubator/EggIncubatorDescriptor	REPLAY	src/main/java/mods/eln/transparentnode/eggincubator/EggIncubatorDescriptor.java	src/main/java/mods/eln/transparentnode/eggincubator/EggIncubatorDescriptor.java	src/main/java/mods/eln/transparentnode/eggincubator/EggIncubatorDescriptor.java
mods/eln/transparentnode/eggincubator/EggIncubatorElement	REPLAY	src/main/java/mods/eln/transparentnode/eggincubator/EggIncubatorElement.java	src/main/java/mods/eln/transparentnode/eggincubator/EggIncubatorElement.java	src/main/java/mods/eln/transparentnode/eggincubator/EggIncubatorElement.java
mods/eln/transparentnode/eggincubator/EggIncubatorGuiDraw	ASIS	src/main/java/mods/eln/transparentnode/eggincubator/EggIncubatorGuiDraw.java	src/main/java/mods/eln/transparentnode/eggincubator/EggIncubatorGuiDraw.java	src/main/java/mods/eln/transparentnode/eggincubator/EggIncubatorGuiDraw.java
mods/eln/transparentnode/eggincubator/EggIncubatorInventory	VERBATIM	src/main/java/mods/eln/transparentnode/eggincubator/EggIncubatorInventory.java	src/main/java/mods/eln/transparentnode/eggincubator/EggIncubatorInventory.java	src/main/java/mods/eln/transparentnode/eggincubator/EggIncubatorInventory.java
mods/eln/transparentnode/eggincubator/EggIncubatorRender	REPLAY	src/main/java/mods/eln/transparentnode/eggincubator/EggIncubatorRender.java	src/main/java/mods/eln/transparentnode/eggincubator/EggIncubatorRender.java	src/main/java/mods/eln/transparentnode/eggincubator/EggIncubatorRender.java
mods/eln/transparentnode/electricalantennarx/ElectricalAntennaRxDescriptor	REPLAY	src/main/java/mods/eln/transparentnode/electricalantennarx/ElectricalAntennaRxDescriptor.java	src/main/java/mods/eln/transparentnode/electricalantennarx/ElectricalAntennaRxDescriptor.java	src/main/java/mods/eln/transparentnode/electricalantennarx/ElectricalAntennaRxDescriptor.java
mods/eln/transparentnode/electricalantennarx/ElectricalAntennaRxElement	REPLAY	src/main/java/mods/eln/transparentnode/electricalantennarx/ElectricalAntennaRxElement.java	src/main/java/mods/eln/transparentnode/electricalantennarx/ElectricalAntennaRxElement.java	src/main/java/mods/eln/transparentnode/electricalantennarx/ElectricalAntennaRxElement.java
mods/eln/transparentnode/electricalantennarx/ElectricalAntennaRxRender	REPLAY	src/main/java/mods/eln/transparentnode/electricalantennarx/ElectricalAntennaRxRender.java	src/main/java/mods/eln/transparentnode/electricalantennarx/ElectricalAntennaRxRender.java	src/main/java/mods/eln/transparentnode/electricalantennarx/ElectricalAntennaRxRender.java
mods/eln/transparentnode/electricalantennarx/ElectricalAntennaRxSlowProcess	NOCRIB	src/main/java/mods/eln/transparentnode/electricalantennarx/ElectricalAntennaRxSlowProcess.java	src/main/java/mods/eln/transparentnode/electricalantennarx/ElectricalAntennaRxSlowProcess.java	src/main/java/mods/eln/transparentnode/electricalantennarx/ElectricalAntennaRxSlowProcess.java
mods/eln/transparentnode/electricalantennatx/ElectricalAntennaTxDescriptor	REPLAY	src/main/java/mods/eln/transparentnode/electricalantennatx/ElectricalAntennaTxDescriptor.java	src/main/java/mods/eln/transparentnode/electricalantennatx/ElectricalAntennaTxDescriptor.java	src/main/java/mods/eln/transparentnode/electricalantennatx/ElectricalAntennaTxDescriptor.java
mods/eln/transparentnode/electricalantennatx/ElectricalAntennaTxElectricalProcess	NOCRIB	src/main/java/mods/eln/transparentnode/electricalantennatx/ElectricalAntennaTxElectricalProcess.java	src/main/java/mods/eln/transparentnode/electricalantennatx/ElectricalAntennaTxElectricalProcess.java	src/main/java/mods/eln/transparentnode/electricalantennatx/ElectricalAntennaTxElectricalProcess.java
mods/eln/transparentnode/electricalantennatx/ElectricalAntennaTxElement	REPLAY	src/main/java/mods/eln/transparentnode/electricalantennatx/ElectricalAntennaTxElement.java	src/main/java/mods/eln/transparentnode/electricalantennatx/ElectricalAntennaTxElement.java	src/main/java/mods/eln/transparentnode/electricalantennatx/ElectricalAntennaTxElement.java
mods/eln/transparentnode/electricalantennatx/ElectricalAntennaTxRender	REPLAY	src/main/java/mods/eln/transparentnode/electricalantennatx/ElectricalAntennaTxRender.java	src/main/java/mods/eln/transparentnode/electricalantennatx/ElectricalAntennaTxRender.java	src/main/java/mods/eln/transparentnode/electricalantennatx/ElectricalAntennaTxRender.java
mods/eln/transparentnode/electricalantennatx/ElectricalAntennaTxSlowProcess	REPLAY	src/main/java/mods/eln/transparentnode/electricalantennatx/ElectricalAntennaTxSlowProcess.java	src/main/java/mods/eln/transparentnode/electricalantennatx/ElectricalAntennaTxSlowProcess.java	src/main/java/mods/eln/transparentnode/electricalantennatx/ElectricalAntennaTxSlowProcess.java
mods/eln/transparentnode/electricalfurnace/ElectricalFurnaceContainer	REPLAY	src/main/java/mods/eln/transparentnode/electricalfurnace/ElectricalFurnaceContainer.java	src/main/java/mods/eln/transparentnode/electricalfurnace/ElectricalFurnaceContainer.java	src/main/java/mods/eln/transparentnode/electricalfurnace/ElectricalFurnaceContainer.java
mods/eln/transparentnode/electricalfurnace/ElectricalFurnaceDescriptor	REPLAY	src/main/java/mods/eln/transparentnode/electricalfurnace/ElectricalFurnaceDescriptor.java	src/main/java/mods/eln/transparentnode/electricalfurnace/ElectricalFurnaceDescriptor.java	src/main/java/mods/eln/transparentnode/electricalfurnace/ElectricalFurnaceDescriptor.java
mods/eln/transparentnode/electricalfurnace/ElectricalFurnaceElement	REPLAY	src/main/java/mods/eln/transparentnode/electricalfurnace/ElectricalFurnaceElement.java	src/main/java/mods/eln/transparentnode/electricalfurnace/ElectricalFurnaceElement.java	src/main/java/mods/eln/transparentnode/electricalfurnace/ElectricalFurnaceElement.java
mods/eln/transparentnode/electricalfurnace/ElectricalFurnaceGuiDraw	REPLAY	src/main/java/mods/eln/transparentnode/electricalfurnace/ElectricalFurnaceGuiDraw.java	src/main/java/mods/eln/transparentnode/electricalfurnace/ElectricalFurnaceGuiDraw.java	src/main/java/mods/eln/transparentnode/electricalfurnace/ElectricalFurnaceGuiDraw.java
mods/eln/transparentnode/electricalfurnace/ElectricalFurnaceInventory	VERBATIM	src/main/java/mods/eln/transparentnode/electricalfurnace/ElectricalFurnaceInventory.java	src/main/java/mods/eln/transparentnode/electricalfurnace/ElectricalFurnaceInventory.java	src/main/java/mods/eln/transparentnode/electricalfurnace/ElectricalFurnaceInventory.java
mods/eln/transparentnode/electricalfurnace/ElectricalFurnaceProcess	REPLAY	src/main/java/mods/eln/transparentnode/electricalfurnace/ElectricalFurnaceProcess.java	src/main/java/mods/eln/transparentnode/electricalfurnace/ElectricalFurnaceProcess.java	src/main/java/mods/eln/transparentnode/electricalfurnace/ElectricalFurnaceProcess.java
mods/eln/transparentnode/electricalfurnace/ElectricalFurnaceRender	REPLAY	src/main/java/mods/eln/transparentnode/electricalfurnace/ElectricalFurnaceRender.java	src/main/java/mods/eln/transparentnode/electricalfurnace/ElectricalFurnaceRender.java	src/main/java/mods/eln/transparentnode/electricalfurnace/ElectricalFurnaceRender.java
mods/eln/transparentnode/electricalmachine/CompressorDescriptor	VERBATIM	src/main/java/mods/eln/transparentnode/electricalmachine/CompressorDescriptor.java	src/main/java/mods/eln/transparentnode/electricalmachine/CompressorDescriptor.java	src/main/java/mods/eln/transparentnode/electricalmachine/CompressorDescriptor.java
mods/eln/transparentnode/electricalmachine/ElectricalMachineContainer	ASIS	src/main/java/mods/eln/transparentnode/electricalmachine/ElectricalMachineContainer.java	src/main/java/mods/eln/transparentnode/electricalmachine/ElectricalMachineContainer.java	src/main/java/mods/eln/transparentnode/electricalmachine/ElectricalMachineContainer.java
mods/eln/transparentnode/electricalmachine/ElectricalMachineDescriptor	REPLAY	src/main/java/mods/eln/transparentnode/electricalmachine/ElectricalMachineDescriptor.java	src/main/java/mods/eln/transparentnode/electricalmachine/ElectricalMachineDescriptor.java	src/main/java/mods/eln/transparentnode/electricalmachine/ElectricalMachineDescriptor.java
mods/eln/transparentnode/electricalmachine/ElectricalMachineElement	REPLAY	src/main/java/mods/eln/transparentnode/electricalmachine/ElectricalMachineElement.java	src/main/java/mods/eln/transparentnode/electricalmachine/ElectricalMachineElement.java	src/main/java/mods/eln/transparentnode/electricalmachine/ElectricalMachineElement.java
mods/eln/transparentnode/electricalmachine/ElectricalMachineGuiDraw	ASIS	src/main/java/mods/eln/transparentnode/electricalmachine/ElectricalMachineGuiDraw.java	src/main/java/mods/eln/transparentnode/electricalmachine/ElectricalMachineGuiDraw.java	src/main/java/mods/eln/transparentnode/electricalmachine/ElectricalMachineGuiDraw.java
mods/eln/transparentnode/electricalmachine/ElectricalMachineInventory	VERBATIM	src/main/java/mods/eln/transparentnode/electricalmachine/ElectricalMachineInventory.java	src/main/java/mods/eln/transparentnode/electricalmachine/ElectricalMachineInventory.java	src/main/java/mods/eln/transparentnode/electricalmachine/ElectricalMachineInventory.java
mods/eln/transparentnode/electricalmachine/ElectricalMachineRender	REPLAY	src/main/java/mods/eln/transparentnode/electricalmachine/ElectricalMachineRender.java	src/main/java/mods/eln/transparentnode/electricalmachine/ElectricalMachineRender.java	src/main/java/mods/eln/transparentnode/electricalmachine/ElectricalMachineRender.java
mods/eln/transparentnode/electricalmachine/ElectricalMachineSlowProcess	NOCRIB	src/main/java/mods/eln/transparentnode/electricalmachine/ElectricalMachineSlowProcess.java	src/main/java/mods/eln/transparentnode/electricalmachine/ElectricalMachineSlowProcess.java	src/main/java/mods/eln/transparentnode/electricalmachine/ElectricalMachineSlowProcess.java
mods/eln/transparentnode/electricalmachine/MaceratorDescriptor	VERBATIM	src/main/java/mods/eln/transparentnode/electricalmachine/MaceratorDescriptor.java	src/main/java/mods/eln/transparentnode/electricalmachine/MaceratorDescriptor.java	src/main/java/mods/eln/transparentnode/electricalmachine/MaceratorDescriptor.java
mods/eln/transparentnode/electricalmachine/MagnetizerDescriptor	VERBATIM	src/main/java/mods/eln/transparentnode/electricalmachine/MagnetizerDescriptor.java	src/main/java/mods/eln/transparentnode/electricalmachine/MagnetizerDescriptor.java	src/main/java/mods/eln/transparentnode/electricalmachine/MagnetizerDescriptor.java
mods/eln/transparentnode/electricalmachine/OldArcFurnaceDescriptor	FRESH	-	src/main/java/mods/eln/transparentnode/electricalmachine/OldArcFurnaceDescriptor.java	-
mods/eln/transparentnode/electricalmachine/PlateMachineDescriptor	VERBATIM	src/main/java/mods/eln/transparentnode/electricalmachine/PlateMachineDescriptor.java	src/main/java/mods/eln/transparentnode/electricalmachine/PlateMachineDescriptor.java	src/main/java/mods/eln/transparentnode/electricalmachine/PlateMachineDescriptor.java
mods/eln/transparentnode/festive/ChristmasTree	FRESH	-	src/main/kotlin/mods/eln/transparentnode/festive/ChristmasTree.kt	-
mods/eln/transparentnode/festive/FestiveElement	FRESH	-	src/main/kotlin/mods/eln/transparentnode/festive/FestiveElement.kt	-
mods/eln/transparentnode/festive/HolidayCandle	FRESH	-	src/main/kotlin/mods/eln/transparentnode/festive/HolidayCandle.kt	-
mods/eln/transparentnode/festive/StringLights	FRESH	-	src/main/kotlin/mods/eln/transparentnode/festive/StringLights.kt	-
mods/eln/transparentnode/floodlight/FloodlightContainer	FRESH	-	src/main/kotlin/mods/eln/transparentnode/floodlight/FloodlightContainer.kt	-
mods/eln/transparentnode/floodlight/FloodlightDescriptor	FRESH	-	src/main/kotlin/mods/eln/transparentnode/floodlight/FloodlightDescriptor.kt	-
mods/eln/transparentnode/floodlight/FloodlightElement	FRESH	-	src/main/kotlin/mods/eln/transparentnode/floodlight/FloodlightElement.kt	-
mods/eln/transparentnode/floodlight/FloodlightGui	FRESH	-	src/main/kotlin/mods/eln/transparentnode/floodlight/FloodlightGui.kt	-
mods/eln/transparentnode/floodlight/FloodlightProcess	FRESH	-	src/main/kotlin/mods/eln/transparentnode/floodlight/FloodlightProcess.kt	-
mods/eln/transparentnode/floodlight/FloodlightRender	FRESH	-	src/main/kotlin/mods/eln/transparentnode/floodlight/FloodlightRender.kt	-
mods/eln/transparentnode/heatfurnace/HeatFurnaceContainer	REPLAY	src/main/java/mods/eln/transparentnode/heatfurnace/HeatFurnaceContainer.java	src/main/java/mods/eln/transparentnode/heatfurnace/HeatFurnaceContainer.java	src/main/java/mods/eln/transparentnode/heatfurnace/HeatFurnaceContainer.java
mods/eln/transparentnode/heatfurnace/HeatFurnaceDescriptor	REPLAY	src/main/java/mods/eln/transparentnode/heatfurnace/HeatFurnaceDescriptor.java	src/main/java/mods/eln/transparentnode/heatfurnace/HeatFurnaceDescriptor.java	src/main/java/mods/eln/transparentnode/heatfurnace/HeatFurnaceDescriptor.java
mods/eln/transparentnode/heatfurnace/HeatFurnaceElement	REPLAY	src/main/java/mods/eln/transparentnode/heatfurnace/HeatFurnaceElement.java	src/main/java/mods/eln/transparentnode/heatfurnace/HeatFurnaceElement.java	src/main/java/mods/eln/transparentnode/heatfurnace/HeatFurnaceElement.java
mods/eln/transparentnode/heatfurnace/HeatFurnaceGuiDraw	VERBATIM	src/main/java/mods/eln/transparentnode/heatfurnace/HeatFurnaceGuiDraw.java	src/main/java/mods/eln/transparentnode/heatfurnace/HeatFurnaceGuiDraw.java	src/main/java/mods/eln/transparentnode/heatfurnace/HeatFurnaceGuiDraw.java
mods/eln/transparentnode/heatfurnace/HeatFurnaceInventory	VERBATIM	src/main/java/mods/eln/transparentnode/heatfurnace/HeatFurnaceInventory.java	src/main/java/mods/eln/transparentnode/heatfurnace/HeatFurnaceInventory.java	src/main/java/mods/eln/transparentnode/heatfurnace/HeatFurnaceInventory.java
mods/eln/transparentnode/heatfurnace/HeatFurnaceInventoryProcess	REPLAY	src/main/java/mods/eln/transparentnode/heatfurnace/HeatFurnaceInventoryProcess.java	src/main/java/mods/eln/transparentnode/heatfurnace/HeatFurnaceInventoryProcess.java	src/main/java/mods/eln/transparentnode/heatfurnace/HeatFurnaceInventoryProcess.java
mods/eln/transparentnode/heatfurnace/HeatFurnaceRender	REPLAY	src/main/java/mods/eln/transparentnode/heatfurnace/HeatFurnaceRender.java	src/main/java/mods/eln/transparentnode/heatfurnace/HeatFurnaceRender.java	src/main/java/mods/eln/transparentnode/heatfurnace/HeatFurnaceRender.java
mods/eln/transparentnode/heatfurnace/HeatFurnaceThermalProcess	REPLAY	src/main/java/mods/eln/transparentnode/heatfurnace/HeatFurnaceThermalProcess.java	src/main/java/mods/eln/transparentnode/heatfurnace/HeatFurnaceThermalProcess.java	src/main/java/mods/eln/transparentnode/heatfurnace/HeatFurnaceThermalProcess.java
mods/eln/transparentnode/powercapacitor/PowerCapacitorContainer	REPLAY	src/main/java/mods/eln/transparentnode/powercapacitor/PowerCapacitorContainer.java	src/main/java/mods/eln/transparentnode/powercapacitor/PowerCapacitorContainer.java	src/main/java/mods/eln/transparentnode/powercapacitor/PowerCapacitorContainer.java
mods/eln/transparentnode/powercapacitor/PowerCapacitorDescriptor	REPLAY	src/main/java/mods/eln/transparentnode/powercapacitor/PowerCapacitorDescriptor.java	src/main/java/mods/eln/transparentnode/powercapacitor/PowerCapacitorDescriptor.java	src/main/java/mods/eln/transparentnode/powercapacitor/PowerCapacitorDescriptor.java
mods/eln/transparentnode/powercapacitor/PowerCapacitorElement	REPLAY	src/main/java/mods/eln/transparentnode/powercapacitor/PowerCapacitorElement.java	src/main/java/mods/eln/transparentnode/powercapacitor/PowerCapacitorElement.java	src/main/java/mods/eln/transparentnode/powercapacitor/PowerCapacitorElement.java
mods/eln/transparentnode/powercapacitor/PowerCapacitorGui	VERBATIM	src/main/java/mods/eln/transparentnode/powercapacitor/PowerCapacitorGui.java	src/main/java/mods/eln/transparentnode/powercapacitor/PowerCapacitorGui.java	src/main/java/mods/eln/transparentnode/powercapacitor/PowerCapacitorGui.java
mods/eln/transparentnode/powercapacitor/PowerCapacitorRender	NOCRIB	src/main/java/mods/eln/transparentnode/powercapacitor/PowerCapacitorRender.java	src/main/java/mods/eln/transparentnode/powercapacitor/PowerCapacitorRender.java	src/main/java/mods/eln/transparentnode/powercapacitor/PowerCapacitorRender.java
mods/eln/transparentnode/powerinductor/PowerInductorContainer	VERBATIM	src/main/java/mods/eln/transparentnode/powerinductor/PowerInductorContainer.java	src/main/java/mods/eln/transparentnode/powerinductor/PowerInductorContainer.java	src/main/java/mods/eln/transparentnode/powerinductor/PowerInductorContainer.java
mods/eln/transparentnode/powerinductor/PowerInductorDescriptor	REPLAY	src/main/java/mods/eln/transparentnode/powerinductor/PowerInductorDescriptor.java	src/main/java/mods/eln/transparentnode/powerinductor/PowerInductorDescriptor.java	src/main/java/mods/eln/transparentnode/powerinductor/PowerInductorDescriptor.java
mods/eln/transparentnode/powerinductor/PowerInductorElement	REPLAY	src/main/java/mods/eln/transparentnode/powerinductor/PowerInductorElement.java	src/main/java/mods/eln/transparentnode/powerinductor/PowerInductorElement.java	src/main/java/mods/eln/transparentnode/powerinductor/PowerInductorElement.java
mods/eln/transparentnode/powerinductor/PowerInductorGui	VERBATIM	src/main/java/mods/eln/transparentnode/powerinductor/PowerInductorGui.java	src/main/java/mods/eln/transparentnode/powerinductor/PowerInductorGui.java	src/main/java/mods/eln/transparentnode/powerinductor/PowerInductorGui.java
mods/eln/transparentnode/powerinductor/PowerInductorRender	NOCRIB	src/main/java/mods/eln/transparentnode/powerinductor/PowerInductorRender.java	src/main/java/mods/eln/transparentnode/powerinductor/PowerInductorRender.java	src/main/java/mods/eln/transparentnode/powerinductor/PowerInductorRender.java
mods/eln/transparentnode/solarpanel/SolarPanelContainer	ASIS	src/main/java/mods/eln/transparentnode/solarpanel/SolarPanelContainer.java	src/main/java/mods/eln/transparentnode/solarpanel/SolarPanelContainer.java	src/main/java/mods/eln/transparentnode/solarpanel/SolarPanelContainer.java
mods/eln/transparentnode/solarpanel/SolarPanelDescriptor	REPLAY	src/main/java/mods/eln/transparentnode/solarpanel/SolarPanelDescriptor.java	src/main/java/mods/eln/transparentnode/solarpanel/SolarPanelDescriptor.java	src/main/java/mods/eln/transparentnode/solarpanel/SolarPanelDescriptor.java
mods/eln/transparentnode/solarpanel/SolarPanelElement	REPLAY	src/main/java/mods/eln/transparentnode/solarpanel/SolarPanelElement.java	src/main/java/mods/eln/transparentnode/solarpanel/SolarPanelElement.java	src/main/java/mods/eln/transparentnode/solarpanel/SolarPanelElement.java
mods/eln/transparentnode/solarpanel/SolarPanelPowerProcess	FRESH	-	src/main/java/mods/eln/transparentnode/solarpanel/SolarPanelPowerProcess.java	src/main/java/mods/eln/transparentnode/solarpanel/SolarPanelSlowProcess.java
mods/eln/transparentnode/solarpanel/SolarPanelRender	REPLAY	src/main/java/mods/eln/transparentnode/solarpanel/SolarPanelRender.java	src/main/java/mods/eln/transparentnode/solarpanel/SolarPanelRender.java	src/main/java/mods/eln/transparentnode/solarpanel/SolarPanelRender.java
mods/eln/transparentnode/solarpanel/SolarPannelGuiDraw	REPLAY	src/main/java/mods/eln/transparentnode/solarpanel/SolarPannelGuiDraw.java	src/main/java/mods/eln/transparentnode/solarpanel/SolarPannelGuiDraw.java	src/main/java/mods/eln/transparentnode/solarpanel/SolarPannelGuiDraw.java
mods/eln/transparentnode/solarpanel/SolarPannelSlowProcess	REPLAY	src/main/java/mods/eln/transparentnode/solarpanel/SolarPannelSlowProcess.java	src/main/java/mods/eln/transparentnode/solarpanel/SolarPannelSlowProcess.java	src/main/java/mods/eln/transparentnode/solarpanel/SolarPanelSlowProcess.java
mods/eln/transparentnode/teleporter/ITeleporter	REPLAY	src/main/java/mods/eln/transparentnode/teleporter/ITeleporter.java	src/main/java/mods/eln/transparentnode/teleporter/ITeleporter.java	src/main/java/mods/eln/transparentnode/teleporter/ITeleporter.java
mods/eln/transparentnode/teleporter/TeleporterDescriptor	REPLAY	src/main/java/mods/eln/transparentnode/teleporter/TeleporterDescriptor.java	src/main/java/mods/eln/transparentnode/teleporter/TeleporterDescriptor.java	src/main/java/mods/eln/transparentnode/teleporter/TeleporterDescriptor.java
mods/eln/transparentnode/teleporter/TeleporterElement	REPLAY	src/main/java/mods/eln/transparentnode/teleporter/TeleporterElement.java	src/main/java/mods/eln/transparentnode/teleporter/TeleporterElement.java	src/main/java/mods/eln/transparentnode/teleporter/TeleporterElement.java
mods/eln/transparentnode/teleporter/TeleporterGui	VERBATIM	src/main/java/mods/eln/transparentnode/teleporter/TeleporterGui.java	src/main/java/mods/eln/transparentnode/teleporter/TeleporterGui.java	src/main/java/mods/eln/transparentnode/teleporter/TeleporterGui.java
mods/eln/transparentnode/teleporter/TeleporterPowerNode	NOCRIB	src/main/java/mods/eln/transparentnode/teleporter/TeleporterPowerNode.java	src/main/java/mods/eln/transparentnode/teleporter/TeleporterPowerNode.java	src/main/java/mods/eln/transparentnode/teleporter/TeleporterPowerNode.java
mods/eln/transparentnode/teleporter/TeleporterRender	REPLAY	src/main/java/mods/eln/transparentnode/teleporter/TeleporterRender.java	src/main/java/mods/eln/transparentnode/teleporter/TeleporterRender.java	src/main/java/mods/eln/transparentnode/teleporter/TeleporterRender.java
mods/eln/transparentnode/thermaldissipatoractive/ThermalDissipatorActiveDescriptor	REPLAY	src/main/java/mods/eln/transparentnode/thermaldissipatoractive/ThermalDissipatorActiveDescriptor.java	src/main/java/mods/eln/transparentnode/thermaldissipatoractive/ThermalDissipatorActiveDescriptor.java	src/main/java/mods/eln/transparentnode/thermaldissipatoractive/ThermalDissipatorActiveDescriptor.java
mods/eln/transparentnode/thermaldissipatoractive/ThermalDissipatorActiveElement	REPLAY	src/main/java/mods/eln/transparentnode/thermaldissipatoractive/ThermalDissipatorActiveElement.java	src/main/java/mods/eln/transparentnode/thermaldissipatoractive/ThermalDissipatorActiveElement.java	src/main/java/mods/eln/transparentnode/thermaldissipatoractive/ThermalDissipatorActiveElement.java
mods/eln/transparentnode/thermaldissipatoractive/ThermalDissipatorActiveRender	ASIS	src/main/java/mods/eln/transparentnode/thermaldissipatoractive/ThermalDissipatorActiveRender.java	src/main/java/mods/eln/transparentnode/thermaldissipatoractive/ThermalDissipatorActiveRender.java	src/main/java/mods/eln/transparentnode/thermaldissipatoractive/ThermalDissipatorActiveRender.java
mods/eln/transparentnode/thermaldissipatoractive/ThermalDissipatorActiveSlowProcess	NOCRIB	src/main/java/mods/eln/transparentnode/thermaldissipatoractive/ThermalDissipatorActiveSlowProcess.java	src/main/java/mods/eln/transparentnode/thermaldissipatoractive/ThermalDissipatorActiveSlowProcess.java	src/main/java/mods/eln/transparentnode/thermaldissipatoractive/ThermalDissipatorActiveSlowProcess.java
mods/eln/transparentnode/thermaldissipatorpassive/ThermalDissipatorPassiveDescriptor	REPLAY	src/main/java/mods/eln/transparentnode/thermaldissipatorpassive/ThermalDissipatorPassiveDescriptor.java	src/main/java/mods/eln/transparentnode/thermaldissipatorpassive/ThermalDissipatorPassiveDescriptor.java	src/main/java/mods/eln/transparentnode/thermaldissipatorpassive/ThermalDissipatorPassiveDescriptor.java
mods/eln/transparentnode/thermaldissipatorpassive/ThermalDissipatorPassiveElement	REPLAY	src/main/java/mods/eln/transparentnode/thermaldissipatorpassive/ThermalDissipatorPassiveElement.java	src/main/java/mods/eln/transparentnode/thermaldissipatorpassive/ThermalDissipatorPassiveElement.java	src/main/java/mods/eln/transparentnode/thermaldissipatorpassive/ThermalDissipatorPassiveElement.java
mods/eln/transparentnode/thermaldissipatorpassive/ThermalDissipatorPassiveRender	ASIS	src/main/java/mods/eln/transparentnode/thermaldissipatorpassive/ThermalDissipatorPassiveRender.java	src/main/java/mods/eln/transparentnode/thermaldissipatorpassive/ThermalDissipatorPassiveRender.java	src/main/java/mods/eln/transparentnode/thermaldissipatorpassive/ThermalDissipatorPassiveRender.java
mods/eln/transparentnode/turbine/TurbineDescriptor	REPLAY	src/main/java/mods/eln/transparentnode/turbine/TurbineDescriptor.java	src/main/java/mods/eln/transparentnode/turbine/TurbineDescriptor.java	src/main/java/mods/eln/transparentnode/turbine/TurbineDescriptor.java
mods/eln/transparentnode/turbine/TurbineElectricalProcess	NOCRIB	src/main/java/mods/eln/transparentnode/turbine/TurbineElectricalProcess.java	src/main/java/mods/eln/transparentnode/turbine/TurbineElectricalProcess.java	src/main/java/mods/eln/transparentnode/turbine/TurbineElectricalProcess.java
mods/eln/transparentnode/turbine/TurbineElement	REPLAY	src/main/java/mods/eln/transparentnode/turbine/TurbineElement.java	src/main/java/mods/eln/transparentnode/turbine/TurbineElement.java	src/main/java/mods/eln/transparentnode/turbine/TurbineElement.java
mods/eln/transparentnode/turbine/TurbineRender	REPLAY	src/main/java/mods/eln/transparentnode/turbine/TurbineRender.java	src/main/java/mods/eln/transparentnode/turbine/TurbineRender.java	src/main/java/mods/eln/transparentnode/turbine/TurbineRender.java
mods/eln/transparentnode/turbine/TurbineThermalProcess	REPLAY	src/main/java/mods/eln/transparentnode/turbine/TurbineThermalProcess.java	src/main/java/mods/eln/transparentnode/turbine/TurbineThermalProcess.java	src/main/java/mods/eln/transparentnode/turbine/TurbineThermalProcess.java
mods/eln/transparentnode/turret/TurretContainer	ASIS	src/main/java/mods/eln/transparentnode/turret/TurretContainer.java	src/main/java/mods/eln/transparentnode/turret/TurretContainer.java	src/main/java/mods/eln/transparentnode/turret/TurretContainer.java
mods/eln/transparentnode/turret/TurretDescriptor	REPLAY	src/main/java/mods/eln/transparentnode/turret/TurretDescriptor.java	src/main/java/mods/eln/transparentnode/turret/TurretDescriptor.java	src/main/java/mods/eln/transparentnode/turret/TurretDescriptor.java
mods/eln/transparentnode/turret/TurretElement	REPLAY	src/main/java/mods/eln/transparentnode/turret/TurretElement.java	src/main/java/mods/eln/transparentnode/turret/TurretElement.java	src/main/java/mods/eln/transparentnode/turret/TurretElement.java
mods/eln/transparentnode/turret/TurretGui	ASIS	src/main/java/mods/eln/transparentnode/turret/TurretGui.java	src/main/java/mods/eln/transparentnode/turret/TurretGui.java	src/main/java/mods/eln/transparentnode/turret/TurretGui.java
mods/eln/transparentnode/turret/TurretMechanicsSimulation	ASIS	src/main/java/mods/eln/transparentnode/turret/TurretMechanicsSimulation.java	src/main/java/mods/eln/transparentnode/turret/TurretMechanicsSimulation.java	src/main/java/mods/eln/transparentnode/turret/TurretMechanicsSimulation.java
mods/eln/transparentnode/turret/TurretRender	NOCRIB	src/main/java/mods/eln/transparentnode/turret/TurretRender.java	src/main/java/mods/eln/transparentnode/turret/TurretRender.java	src/main/java/mods/eln/transparentnode/turret/TurretRender.java
mods/eln/transparentnode/turret/TurretSlowProcess	REPLAY	src/main/java/mods/eln/transparentnode/turret/TurretSlowProcess.java	src/main/java/mods/eln/transparentnode/turret/TurretSlowProcess.java	src/main/java/mods/eln/transparentnode/turret/TurretSlowProcess.java
mods/eln/transparentnode/waterturbine/WaterTurbineContainer	VERBATIM	src/main/java/mods/eln/transparentnode/waterturbine/WaterTurbineContainer.java	src/main/java/mods/eln/transparentnode/waterturbine/WaterTurbineContainer.java	src/main/java/mods/eln/transparentnode/waterturbine/WaterTurbineContainer.java
mods/eln/transparentnode/waterturbine/WaterTurbineDescriptor	REPLAY	src/main/java/mods/eln/transparentnode/waterturbine/WaterTurbineDescriptor.java	src/main/java/mods/eln/transparentnode/waterturbine/WaterTurbineDescriptor.java	src/main/java/mods/eln/transparentnode/waterturbine/WaterTurbineDescriptor.java
mods/eln/transparentnode/waterturbine/WaterTurbineElement	REPLAY	src/main/java/mods/eln/transparentnode/waterturbine/WaterTurbineElement.java	src/main/java/mods/eln/transparentnode/waterturbine/WaterTurbineElement.java	src/main/java/mods/eln/transparentnode/waterturbine/WaterTurbineElement.java
mods/eln/transparentnode/waterturbine/WaterTurbineGuiDraw	ASIS	src/main/java/mods/eln/transparentnode/waterturbine/WaterTurbineGuiDraw.java	src/main/java/mods/eln/transparentnode/waterturbine/WaterTurbineGuiDraw.java	src/main/java/mods/eln/transparentnode/waterturbine/WaterTurbineGuiDraw.java
mods/eln/transparentnode/waterturbine/WaterTurbineRender	REPLAY	src/main/java/mods/eln/transparentnode/waterturbine/WaterTurbineRender.java	src/main/java/mods/eln/transparentnode/waterturbine/WaterTurbineRender.java	src/main/java/mods/eln/transparentnode/waterturbine/WaterTurbineRender.java
mods/eln/transparentnode/waterturbine/WaterTurbineSlowProcess	REPLAY	src/main/java/mods/eln/transparentnode/waterturbine/WaterTurbineSlowProcess.java	src/main/java/mods/eln/transparentnode/waterturbine/WaterTurbineSlowProcess.java	src/main/java/mods/eln/transparentnode/waterturbine/WaterTurbineSlowProcess.java
mods/eln/transparentnode/windturbine/WindTurbineDescriptor	REPLAY	src/main/java/mods/eln/transparentnode/windturbine/WindTurbineDescriptor.java	src/main/java/mods/eln/transparentnode/windturbine/WindTurbineDescriptor.java	src/main/java/mods/eln/transparentnode/windturbine/WindTurbineDescriptor.java
mods/eln/transparentnode/windturbine/WindTurbineElement	REPLAY	src/main/java/mods/eln/transparentnode/windturbine/WindTurbineElement.java	src/main/java/mods/eln/transparentnode/windturbine/WindTurbineElement.java	src/main/java/mods/eln/transparentnode/windturbine/WindTurbineElement.java
mods/eln/transparentnode/windturbine/WindTurbineRender	ASIS	src/main/java/mods/eln/transparentnode/windturbine/WindTurbineRender.java	src/main/java/mods/eln/transparentnode/windturbine/WindTurbineRender.java	src/main/java/mods/eln/transparentnode/windturbine/WindTurbineRender.java
mods/eln/transparentnode/windturbine/WindTurbineSlowProcess	REPLAY	src/main/java/mods/eln/transparentnode/windturbine/WindTurbineSlowProcess.java	src/main/java/mods/eln/transparentnode/windturbine/WindTurbineSlowProcess.java	src/main/java/mods/eln/transparentnode/windturbine/WindTurbineSlowProcess.java
mods/eln/wiki/Data	VERBATIM	src/main/java/mods/eln/wiki/Data.java	src/main/java/mods/eln/wiki/Data.java	src/main/java/mods/eln/wiki/Data.java
mods/eln/wiki/Default	ASIS	src/main/java/mods/eln/wiki/Default.java	src/main/java/mods/eln/wiki/Default.java	src/main/java/mods/eln/wiki/Default.java
mods/eln/wiki/GuiGroup	ASIS	src/main/java/mods/eln/wiki/GuiGroup.java	src/main/java/mods/eln/wiki/GuiGroup.java	src/main/java/mods/eln/wiki/GuiGroup.java
mods/eln/wiki/GuiItemStack	REPLAY	src/main/java/mods/eln/wiki/GuiItemStack.java	src/main/java/mods/eln/wiki/GuiItemStack.java	src/main/java/mods/eln/wiki/GuiItemStack.java
mods/eln/wiki/GuiVerticalExtender	ASIS	src/main/java/mods/eln/wiki/GuiVerticalExtender.java	src/main/java/mods/eln/wiki/GuiVerticalExtender.java	src/main/java/mods/eln/wiki/GuiVerticalExtender.java
mods/eln/wiki/ItemDefault	VERBATIM	src/main/java/mods/eln/wiki/ItemDefault.java	src/main/java/mods/eln/wiki/ItemDefault.java	src/main/java/mods/eln/wiki/ItemDefault.java
mods/eln/wiki/Root	ASIS	src/main/java/mods/eln/wiki/Root.java	src/main/java/mods/eln/wiki/Root.java	src/main/java/mods/eln/wiki/Root.java
mods/eln/wiki/Search	ASIS	src/main/java/mods/eln/wiki/Search.java	src/main/java/mods/eln/wiki/Search.java	src/main/java/mods/eln/wiki/Search.java
